"CODE","GOVERN_TYPE","POPULATION","AGE25_PROPTN","AGE_MEDIAN","AGE50_PROPTN","POP_DENSITY","GDP","INFANT_MORT","DOCS","VAX_RATE","HEALTHCARE_BASIS","HEALTHCARE_COST","DEATH_RATE","OBS_TYPE"
"State1","OTHER",NA,NA,36.770259462393,NA,502.496992377338,60.4347969124182,17.1895022452823,25.0886380626983,59.1831798342695,"PRIVATE",15172.240104756,22.7786451697496,"Train"
"State2","UNSTABLE DEM",1128.76353590658,14.1055422036747,35.2453462168316,NA,505.773242216762,NA,NA,25.0267909713361,-99,"FREE",NA,23.6739421146228,"Train"
"State3","STABLE DEM",5025.56357370325,14.4824380932285,35.0400725084717,41.3078469191158,494.657576265888,59.7497799365195,12.9909865183639,18.3705180656513,58.0509543889193,"INSURANCE",5140.43159967804,11.2837980607813,"Train"
"State4","STABLE DEM",1491.63733512235,16.5914911479084,NA,36.8474484866813,482.191216334259,59.8359681494382,13.8238483462418,24.9060772680907,53.8453607711633,"INSURANCE",4816.4594141848,12.664248363735,"Train"
"State5","STABLE DEM",5240.14965214618,13.2671553393592,NA,39.5522805479754,498.715244443148,48.7239987194001,14.6986388752965,23.7658751521976,69.4699031894806,"PRIVATE",14814.2604789508,16.7863859381873,"Train"
"State6","UNSTABLE DEM",2759.00025046586,18.9328323545597,NA,43.1808013413831,497.213154634736,58.6008189483234,14.9622996742473,25.4256308950044,60.9031562066702,"INSURANCE",5017.09080416187,22.0261747873083,"Train"
"State7","STABLE DEM",2425.58972399361,17.3436788775725,NA,39.1877709979675,499.854914728913,53.9176963185656,10.9925079777028,18.442519306409,64.2553276280371,"FREE",NA,12.4984238115656,"Train"
"State8","UNSTABLE DEM",2454.11863768031,NA,32.9460518586328,40.0631610697385,510.123140395848,49.3059910022097,NA,27.1074811275913,NA,"INSURANCE",4926.40902648754,29.0424274852327,"Train"
"State9","STABLE DEM",3449.85635834946,14.3907440768321,NA,34.0270194597544,481.919904255837,53.6211918129823,13.1473997285254,26.6192057578046,53.9466137129984,"INSURANCE",4709.28007332121,14.0853108733789,"Train"
"State10","DICTATORSHIP",3257.2063514873,14.7651822510553,32.4975619709229,NA,506.373408709029,55.1424701144534,NA,NA,61.7206195884885,"INSURANCE",5219.43699620975,24.6192051670271,"Test"
"State11","UNSTABLE DEM",2328.40124671433,10.4521949964889,NA,36.4477547678679,488.745843589676,53.8227190634383,15.2171326964517,23.7548311060242,62.143252646583,"PRIVATE",15530.1237623509,12.0878124295386,"Test"
"State12","OTHER",1958.33940456092,14.4683039680562,NA,37.0173144438405,471.400155910578,51.5108875270535,11.085740866798,21.7502995827719,61.7100661145365,"PRIVATE",14992.1185839819,0.17957740544111,"Train"
"State13","STABLE DEM",2619.53439341209,17.0144475726837,32.6391888796224,NA,NA,57.7783513010653,12.1818145345729,22.241875788348,NA,"INSURANCE",5228.06635139617,17.7354181418579,"Train"
"State14","STABLE DEM",NA,NA,NA,37.7366843061607,504.856113500186,51.3446376327991,NA,29.0691714479632,62.8328281059876,"FREE",NA,26.3180531647909,"Train"
"State15","STABLE DEM",NA,13.5553300652711,30.8068292995121,-99,506.931612647097,48.4835089545552,10.1837687762948,-99,-99,"INSURANCE",5448.78352614583,16.3821097518409,"Test"
"State16","UNSTABLE DEM",NA,18.823284879685,33.4582831934061,42.5491630503951,505.197857162721,NA,10.6030268369243,21.8666403429919,NA,"INSURANCE",4940.44189142139,24.1660207400314,"Train"
"State17","STABLE DEM",6107.80849079778,15.6447917166396,34.4189499254299,36.9790153733789,499.138021781104,19.9596495263454,12.2588343394647,18.9384936672407,38.8994138654836,"FREE",NA,18.8813010592616,"Train"
"State18","STABLE DEM",3024.65706407367,14.4899633308808,34.3285685143906,37.5857437614165,484.09186823414,55.4610451268041,15.7910930086834,24.6117414285352,61.6117733763325,"INSURANCE",4735.88470565333,11.1511992683976,"Test"
"State19","STABLE DEM",5381.60141456837,14.002216897989,35.4038471020679,37.9456174170775,NA,NA,15.7289626362249,23.7793831315191,NA,"INSURANCE",4871.59984569976,20.6682376970608,"Train"
"State20","UNSTABLE DEM",87.5812625920157,NA,NA,-99,511.127755272038,57.4916921881886,12.846860702885,-99,-99,"PRIVATE",14963.3162857845,19.5248993064366,"Test"
"State21","STABLE DEM",NA,15.1932086486866,NA,33.5812997851678,NA,57.8875378461784,15.2262897742026,26.6045787604222,NA,"FREE",NA,26.762206985585,"Train"
"State22","UNSTABLE DEM",NA,17.7532428989115,36.2869944619528,40.4591662964316,501.967055384153,NA,14.0852075645968,NA,61.6912394442088,"INSURANCE",5311.55419616902,21.9797394119136,"Train"
"State23","UNSTABLE DEM",560.808083134031,16.7544880396133,NA,NA,NA,56.7499760982621,15.0528849173229,NA,-99,"FREE",NA,26.1588122386756,"Train"
"State24","STABLE DEM",3690.82585410775,NA,30.2342617012915,NA,NA,51.8734710466071,16.8137417871239,24.9823622577426,57.5299111196613,"FREE",NA,23.5493528948964,"Train"
"State25","OTHER",4225.10267429217,18.5570278882678,NA,39.8961199338839,498.528743880905,48.5227473472752,10.6269897797705,22.5497540834912,61.5721928126092,"INSURANCE",4945.67883756908,17.3236056607823,"Test"
"State26","UNSTABLE DEM",2149.6710001707,9.13835006188596,31.244199524857,36.4833577361887,497.707143310915,54.4038489058575,17.7140432220622,27.3552223987408,62.3946857909254,"FREE",NA,21.1701144226257,"Train"
"State27","--",2451.93717038011,NA,NA,35.3538919771157,NA,NA,NA,26.1107794057771,57.3181978202643,"PRIVATE",15341.4875226357,24.71812162754,"Train"
"State28","OTHER",NA,13.4386659300383,NA,NA,505.164586663634,51.2190076090762,NA,28.6548416918244,56.5760367667783,"INSURANCE",5243.91326170037,28.46391315795,"Test"
"State29","UNSTABLE DEM",3397.71379047067,16.8643516234282,NA,40.5895005414857,NA,NA,NA,28.57873710847,58.6482532780173,"INSURANCE",5206.36859751815,29.2002790210671,"Train"
"State30","STABLE DEM",4173.17657200259,16.5967040053332,NA,37.4673443521289,498.764543690463,56.622852213628,13.785325610941,22.9686197169288,60.6442689639107,"INSURANCE",5352.3589904588,16.9553796587149,"Test"
"State31","UNSTABLE DEM",3839.69897940652,15.3170256203454,NA,38.6158194853231,498.920364177993,53.9051948797003,13.0050537543211,22.0008334704724,-99,"INSURANCE",5367.01283380308,16.2981080383483,"Train"
"State32","UNSTABLE DEM",2343.32202463043,15.8905204269742,NA,38.2307667965481,492.502809269876,53.5368068368075,13.4689837958988,22.6350016877076,-99,"FREE",NA,14.1148821619746,"Test"
"State33","UNSTABLE DEM",3053.00421430833,15.2954373075027,NA,38.1871883973123,490.243214567428,56.5606345323036,15.7062446630485,22.3976599732988,62.5993058674915,"INSURANCE",4831.99796006183,10.684945363011,"Train"
"State34","STABLE DEM",2294.71184990076,17.0291304101472,NA,NA,507.05209711809,NA,NA,25.721739540342,61.1467441946695,"INSURANCE",4886.15151694124,25.9966212302838,"Train"
"State35","UNSTABLE DEM",NA,NA,36.5758543476773,39.4579853540166,501.600805178281,55.2727843402372,NA,23.6827880251073,61.7839312819945,"PRIVATE",15414.9128068672,19.2478520641187,"Train"
"State36","OTHER",1005.22204965664,16.9290689571461,NA,41.4584118520181,495.872056009034,24.0665871890115,14.0170586169721,26.0354264012141,31.2072014707784,"INSURANCE",4781.47412550683,30.2181643643839,"Train"
"State37","STABLE DEM",3793.9466830821,12.6243961419588,30.0623660859402,38.3508735937958,496.507214535376,52.1704067447141,14.4145570621083,25.3679107932423,63.2435492351282,"PRIVATE",14810.3697927677,18.463633408026,"Test"
"State38","OTHER",NA,17.0988591801808,NA,NA,NA,54.0127034036055,13.2061488829661,25.0512230259029,59.3512751142614,"INSURANCE",4982.12596306113,20.7628417104737,"Train"
"State39","STABLE DEM",2962.94159571676,13.8648430286909,NA,37.7284012955362,484.358345314757,57.1397622806794,12.9217936198698,21.7700207746181,61.4939994615909,"INSURANCE",4923.19395483564,8.40896218006255,"Test"
"State40","DICTATORSHIP",3567.31007280165,15.0548350021141,NA,NA,501.975575419013,NA,14.2391306067676,NA,53.3793865801008,"FREE",NA,24.3126540396937,"Train"
"State41","STABLE DEM",NA,12.0089165114786,NA,NA,508.407625358773,55.0603695587751,14.8402404453823,24.7767284190182,NA,"FREE",NA,23.3000880333865,"Train"
"State42","UNSTABLE DEM",3552.10415555626,11.6179869488944,NA,37.6615553869145,498.367969657159,53.9165988258244,12.3231474037089,19.1071235202418,57.9341170735739,"FREE",NA,12.3628389750896,"Train"
"State43","STABLE DEM",812.498531658503,14.5854488244571,NA,NA,503.058957571118,NA,16.1037696497946,25.3387846309363,NA,"FREE",NA,24.3814740163701,"Train"
"State44","STABLE DEM",2957.47996216018,12.9799657852503,NA,NA,514.907986397809,NA,15.1635247721542,NA,64.3264010297185,"FREE",NA,23.1227017450374,"Train"
"State45","STABLE DEM",1134.51485541177,14.5725259857364,34.8077921039389,37.5583869377228,497.995834706858,57.4513152251148,14.9799206559969,24.2413052389947,59.56069976938,"FREE",NA,19.2297615995385,"Test"
"State46","UNSTABLE DEM",2232.36523957753,9.50304718512969,NA,NA,NA,55.5949543298451,14.6611248009576,24.2344567565015,NA,"FREE",NA,24.6723110498239,"Train"
"State47","UNSTABLE DEM",4276.24111197167,NA,NA,43.5246493229369,NA,59.0716888971636,11.7443926616861,NA,57.8519393185909,"INSURANCE",5056.92514296942,27.7150235864856,"Train"
"State48","STABLE DEM",1447.64673300451,16.2373289558246,NA,41.9735846681013,495.411910984789,56.9577771164109,13.9528927372271,22.3310619407378,57.2017531961912,"PRIVATE",15589.8989348366,18.7138683559458,"Train"
"State49",NA,NA,NA,NA,NA,NA,57.4605954498859,13.4836899579794,NA,58.6474054980132,NA,5152.66440705312,19.3867697323084,"Test"
"State50","OTHER",1566.42822094549,15.8896167775806,NA,40.5970730903183,497.306135357862,54.3613483817466,13.2630308542001,23.723575812171,58.4642037777765,"FREE",NA,20.453902450393,"Train"
"State51","UNSTABLE DEM",113.793213417474,17.3411416334533,NA,38.8211479179035,496.355554632056,53.9248079299129,13.8590273531573,25.8332797171829,60.2511888537355,"INSURANCE",4983.84833147085,19.046740459433,"Train"
"State52","DICTATORSHIP",544.506416357676,NA,NA,36.3452421905279,NA,60.0457717664966,NA,23.4283755597082,61.612225861322,"INSURANCE",4721.07338062174,17.1558724092995,"Train"
"State53","STABLE DEM",2275.3613683133,14.8511077036539,NA,38.5568337667615,492.661263910762,59.5035996873647,14.9216728121961,23.8579271466045,62.190876195018,"FREE",NA,15.4526005170059,"Train"
"State54","UNSTABLE DEM",3903.55261182759,NA,NA,39.6830175529447,506.33297659123,NA,NA,20.6631604137657,-99,"PRIVATE",14695.3784298483,18.9314541060625,"Train"
"State55","STABLE DEM",2299.88719243433,NA,35.1312766186308,39.2481810393489,NA,56.3549732200743,NA,22.1917174706275,63.856195161815,"FREE",NA,21.4446385465677,"Test"
"State56","UNSTABLE DEM",3881.09151949646,17.0832991517119,NA,42.9002860677239,486.870285680007,58.6693819742654,12.8250812306846,20.7498978437588,58.9729778482683,"FREE",NA,12.1214246117705,"Test"
"State57","UNSTABLE DEM",NA,NA,33.8206964192939,40.1080416907458,511.691523858252,56.8006649739537,NA,17.8097089230819,-99,"INSURANCE",5074.49118547251,19.1587956308106,"Train"
"State58","OTHER",2129.73580788556,16.7629240245419,NA,36.3339115525202,498.696730505498,54.3364059423486,12.8430797757882,24.1947118442851,60.7071233177988,"PRIVATE",15688.3070814531,18.8801967192586,"Train"
"State59","UNSTABLE DEM",3260.80852649901,NA,34.6207315023342,40.2819845101613,503.093353277742,NA,NA,21.4162312937287,62.811220283002,"INSURANCE",5159.1386733935,18.6072257762543,"Test"
"State60","STABLE DEM",4475.71537776455,16.2701357835117,34.1903222542751,38.6205339562334,479.950215783254,18.4711830896169,11.9992407193742,25.3941641111573,32.4871543847853,"INSURANCE",4824.18547283393,20.1525205293154,"Train"
"State61","STABLE DEM",2596.33015388176,14.9636198765481,NA,36.3517737264267,486.070415972642,51.7119615626279,12.0048146372254,23.1387996360141,59.1347664522748,"PRIVATE",14775.9727140051,10.5320835620901,"Train"
"State62","STABLE DEM",NA,12.9034161645025,NA,NA,512.801411653954,56.6268187754663,12.2805274660725,NA,61.1544061265416,"INSURANCE",4860.61148881961,18.6647112908846,"Train"
"State63","STABLE DEM",215.993003146345,13.9463854791745,NA,37.3721697032049,490.126884812847,55.1312020357707,14.1016395404985,20.1008349808671,64.1423088274162,"PRIVATE",14676.4670939646,8.39896777699671,"Test"
"State64","UNSTABLE DEM",NA,NA,37.0740860515691,41.4173167604044,501.047189833757,58.1977193044308,13.6275453489953,NA,-99,"FREE",NA,21.9969747860362,"Train"
"State65","DICTATORSHIP",3262.94047381787,12.1489634754658,NA,37.3762425849989,498.322335355132,56.4557699620962,15.0650752471804,24.8758523597154,60.5307926955054,"FREE",NA,21.2096630285572,"Test"
"State66","STABLE DEM",NA,15.1982859552696,NA,37.8922632157754,502.052470068894,NA,12.5288247159105,18.8101233117222,NA,"INSURANCE",5052.51010720348,11.9700703577813,"Test"
"State67","UNSTABLE DEM",NA,13.2986021305872,NA,NA,505.315854289756,51.8457043135699,NA,28.8029146823766,-99,"INSURANCE",4858.70986999574,27.4837752444561,"Train"
"State68","STABLE DEM",2209.3202765317,13.6879439837203,33.3619429436463,38.6362611865801,496.376163471567,59.1052300675949,14.0333720528643,20.6206995104864,66.0745084812329,"PRIVATE",15825.996382447,12.4790296550864,"Train"
"State69","UNSTABLE DEM",5846.84811066385,NA,32.1603154485413,NA,512.719922055301,48.1660235721015,13.7465613423052,22.9033060394844,NA,"FREE",NA,23.8351710078771,"Train"
"State70","STABLE DEM",1273.61118408547,NA,31.1341241394648,37.3240571514954,NA,60.8775279826759,12.1348883973529,NA,57.4687490074007,"INSURANCE",5117.78410805961,27.3663346689069,"Train"
"State71","STABLE DEM",1993.14254435422,12.4984028578154,31.1385280749972,38.9736444890497,496.106749851193,56.4225454787027,13.0693736180686,22.5754798007782,58.5215923196729,"INSURANCE",4850.29461950977,16.7460458699487,"Train"
"State72","STABLE DEM",NA,14.8348366751183,34.2395271584614,37.2805154999894,502.084503487453,53.5466224057698,14.9194087923148,NA,NA,"PRIVATE",14407.38229559,25.6132559773336,"Test"
"State73","DICTATORSHIP",2218.79002311748,NA,33.1492932815745,41.3047275445205,515.14453290144,NA,NA,18.4241138402641,62.174000018669,"INSURANCE",4933.63279467684,21.9399308044725,"Train"
"State74","UNSTABLE DEM",769.780923677051,14.9485182237899,NA,40.4837645780643,492.408211339704,59.898334948363,14.9670398302464,24.4017856691557,57.9828050440864,"INSURANCE",4985.34543132506,17.8625007967631,"Test"
"State75","UNSTABLE DEM",2325.99690739661,13.426661112919,NA,40.513358583112,493.807638777002,17.323860616259,14.5946832323356,24.6571190210389,-99,"INSURANCE",5093.46772869443,26.1634035598928,"Test"
"State76",NA,NA,NA,32.9916399649612,NA,NA,59.4944629876536,16.6882477319104,NA,62.2777948269888,NA,14859.482745438,23.0945086022975,"Train"
"State77","UNSTABLE DEM",2183.23128164416,NA,32.2385548144701,40.877385550742,520.387025104055,18.7030567787371,13.313266357309,NA,NA,"INSURANCE",5223.96764286955,37.1382172331115,"Train"
"State78","STABLE DEM",1057.12939576341,16.229262633752,35.5751066098123,38.9829969957921,491.913030008461,59.0636979210418,13.541762533096,21.6363249558739,62.730113226064,"INSURANCE",5002.53630483522,12.281950401723,"Train"
"State79","UNSTABLE DEM",3718.45865878423,12.3494994026064,NA,NA,510.813234328307,57.4355099377216,NA,17.0678608280737,NA,"INSURANCE",4779.06454366852,15.9467597210489,"Train"
"State80","DICTATORSHIP",NA,15.5033592174566,33.0925446476622,NA,507.056482420221,60.5415387740645,13.0652774867771,NA,59.3902465570436,"INSURANCE",5105.09575393388,21.8470548913669,"Train"
"State81","UNSTABLE DEM",4150.47992908465,15.1536701029714,36.4960630737873,40.0953768981006,493.884146831111,61.7200961041424,16.2349895552529,24.0178427641498,58.1393324283737,"INSURANCE",5324.69472694338,18.3854765273602,"Train"
"State82","STABLE DEM",6734.85531494896,NA,NA,NA,NA,55.1491355052685,10.0114522389714,15.2242801346712,62.5665379770272,"INSURANCE",5255.03527263529,14.4799975666678,"Train"
"State83","STABLE DEM",3235.72294422918,16.8002010499535,NA,40.0696840122871,497.517185036022,58.0933708702483,12.0676117231643,20.4286000543906,60.1726352007775,"PRIVATE",14371.7632065931,14.1327237563119,"Test"
"State84","UNSTABLE DEM",2446.62563106746,13.0426126038552,NA,37.3264031246394,499.40607423587,52.8291344197203,14.284438164982,24.0147676299556,54.7693164654905,"INSURANCE",5107.34982764011,21.0209534858197,"Test"
"State85","UNSTABLE DEM",1750.09808419153,14.5223417690295,32.7794219497195,NA,504.318306340512,56.4259461174661,NA,NA,61.6970130753889,"FREE",NA,23.6889767886067,"Train"
"State86","UNSTABLE DEM",NA,12.671987911079,30.9365957857112,NA,504.54841316546,61.5105257828652,14.3405596511129,22.3846279500795,NA,"INSURANCE",4895.71852589562,22.1198234791445,"Test"
"State87","STABLE DEM",5389.75092469827,16.0569097971624,32.9317090040598,36.378084636297,499.73567207325,54.7318436362874,10.9586814696257,20.9793790196696,54.5961294381815,"FREE",NA,17.1614605844503,"Test"
"State88","UNSTABLE DEM",3901.70666688891,12.4987343691465,NA,40.2579910781301,494.860589849847,58.4235615207799,17.0640285241074,25.172703864862,56.4389452134662,"FREE",NA,18.8478865688835,"Test"
"State89","STABLE DEM",1911.11294142397,12.9371662113488,34.489327362961,41.7087723800616,493.256654710924,58.6692229600561,16.0796893697009,22.3471707219321,62.1124237634363,"INSURANCE",4911.26916566477,14.7435234089827,"Train"
"State90","UNSTABLE DEM",1808.99021279713,16.2949094686371,34.5323726107675,35.5830617160826,489.837691007606,57.3196413278464,11.8702232926635,21.1873772711196,58.9302273353103,"INSURANCE",5064.96940331663,10.8185915868121,"Test"
"State91","UNSTABLE DEM",214.505281397313,NA,NA,NA,500.090937834322,NA,10.5875463985373,21.6247154801072,55.8741942997977,"INSURANCE",5282.82055890804,17.693238436387,"Train"
"State92","STABLE DEM",567.771512898731,14.002961405984,34.0074467952753,31.1262959954609,489.338438235924,58.5955882434939,16.2030489340828,27.8035313138913,52.3610211346739,"INSURANCE",4787.2589131302,16.1543780515617,"Train"
"State93","STABLE DEM",437.899686492948,NA,NA,NA,501.65158749235,54.9686321035089,NA,24.6788661821255,58.4013170533088,"PRIVATE",15616.2194366732,21.9302309436468,"Train"
"State94","STABLE DEM",4086.84947702246,NA,NA,NA,NA,60.255570728019,13.8864099355927,19.8060982839029,63.4117002240703,"INSURANCE",5328.09149249095,15.691944341771,"Train"
"State95","OTHER",3799.77037228022,NA,32.6386788391573,39.9606210155035,NA,NA,14.4588709933792,22.468851630596,59.5601949796147,"PRIVATE",14816.6699384664,26.9607275304523,"Test"
"State96","UNSTABLE DEM",NA,16.6481673579483,NA,NA,504.260867460691,71.5487503929972,13.2332310720927,NA,57.676914523295,"PRIVATE",15071.5014222371,14.7415707447325,"Train"
"State97","UNSTABLE DEM",3239.43796950331,NA,NA,40.0531457258002,NA,56.5002771812315,12.1871098242228,25.675020739468,NA,"INSURANCE",5187.49647026642,30.8131368013479,"Train"
"State98","UNSTABLE DEM",NA,14.9727993932683,34.3842216937556,36.6612914026104,NA,55.0144049833961,15.6147449016218,NA,-99,"INSURANCE",5004.00184554926,20.627017281398,"Test"
"State99","STABLE DEM",1101.42474638577,16.1932474465295,NA,35.790410681222,487.587113421854,54.7922054786577,15.059988279838,26.0772764493687,55.7176396332369,"INSURANCE",5072.22444154245,14.9317848147907,"Test"
"State100","UNSTABLE DEM",448.466058625641,12.9688253506343,33.0783030482575,38.5283666396901,NA,NA,NA,25.8026522616647,59.8952826950684,"INSURANCE",4859.68376093838,23.3741455510812,"Train"
"State101","STABLE DEM",2936.61268549127,18.0475896284295,NA,41.7158659255395,488.027488330852,56.9537083239677,12.2774470797636,22.0698092349011,59.9286702531252,"FREE",NA,13.4855858774356,"Train"
"State102","STABLE DEM",NA,14.9592508484907,NA,40.3881330528227,506.176069478572,62.854359563938,15.2495555343693,NA,NA,"INSURANCE",5031.21574951295,22.9220339297546,"Test"
"State103","--",NA,-99,NA,38.0990474496756,500.066075136043,52.9382797170148,NA,NA,NA,"PRIVATE",15370.3037477145,22.7762087472339,"Train"
"State104","UNSTABLE DEM",4404.5105071476,15.3283046297369,37.0481630994861,39.92247808835,494.483443383033,50.4179249806767,13.0516695473063,26.4136246004516,61.507308104551,"INSURANCE",4970.15899068594,19.3013966957993,"Train"
"State105","STABLE DEM",NA,16.5228395486479,NA,NA,500.326561838747,57.1319321069639,12.3649077443793,NA,58.3977580275992,"INSURANCE",5178.93751554907,20.3393489426639,"Train"
"State106","STABLE DEM",1777.36680761525,14.8026791413547,NA,41.1673651490866,488.568818319783,65.3474788160405,16.2572397636523,23.2679992727443,53.6421352983042,"PRIVATE",14514.2278198864,17.6002790547381,"Train"
"State107","STABLE DEM",2372.57212900149,13.1751183559519,36.517129069532,36.9851662091031,488.330491365879,23.5259255485922,16.1837537540578,25.7319109179418,32.9301040695279,"INSURANCE",5149.51270247957,22.364766945624,"Train"
"State108","STABLE DEM",4967.82405025361,15.4561785636037,31.1014338006245,36.5258128798335,495.759264962244,60.4830970546197,11.768496476451,22.8541646579293,50.6325349685143,"INSURANCE",5073.80081675247,17.4086776975644,"Train"
"State109","STABLE DEM",3432.12741947397,11.4798560429461,NA,39.250082670871,483.821384042265,23.6112890811987,15.1041054983122,19.1349604621797,38.4886869418112,"INSURANCE",5007.03411169701,13.2308877227913,"Test"
"State110","STABLE DEM",NA,NA,36.4283162480471,41.6200879626742,511.196141214485,48.660946066916,NA,25.1948353247282,64.9024593973438,"INSURANCE",5249.63404025643,27.1310941551826,"Test"
"State111","STABLE DEM",628.299828286959,14.5388073023603,35.7000689426732,39.4232723494994,497.541983027285,58.5481003162026,16.0508692316338,24.309072458193,58.9417843594058,"INSURANCE",4944.69391986845,20.5285946600968,"Train"
"State112","UNSTABLE DEM",3113.25393293514,12.9330547585847,34.1697291347497,37.625744271947,499.578014214121,51.3467666256498,14.9847010844945,27.8818684883691,57.3294916139813,"PRIVATE",14996.2688183435,24.591983412573,"Test"
"State113","STABLE DEM",3847.49706724675,16.7266911721734,NA,43.7385169176831,496.707289467889,59.9404250887463,15.0808175966256,27.4188005593801,55.3102822431558,"FREE",NA,27.3959000967408,"Train"
"State114","STABLE DEM",1053.77480164987,16.0020752636041,NA,38.2810101741945,499.320532314906,54.0818076350687,10.7291591063571,18.4107677832832,55.6308454914994,"FREE",NA,14.9352840908609,"Test"
"State115","STABLE DEM",2171.79648250643,19.8725650631062,NA,NA,NA,54.0195533960099,12.9137354089794,NA,60.3550688666104,"FREE",NA,22.0233737624684,"Train"
"State116","STABLE DEM",4198.69436663626,18.72125420843,NA,41.9548286902152,496.791620089351,52.6315598827129,9.46062772928703,20.9079701698134,54.6134017022782,"INSURANCE",4617.12738799747,18.9749222177419,"Test"
"State117","OTHER",3140.28877437969,NA,32.1146926832302,NA,506.566530660168,43.3871606474967,NA,26.2542694094005,67.7350125852952,"FREE",NA,21.3221611447855,"Test"
"State118","UNSTABLE DEM",1876.23202591185,14.7006571752575,NA,39.2688230974108,497.217426961015,54.1548040267926,14.9960774836189,24.6203303812249,-99,"INSURANCE",4869.14574214461,17.8285612967747,"Train"
"State119","OTHER",3596.66100303281,13.8152416788982,NA,35.4969734875405,499.503828529358,59.6036018796337,16.2660002820709,24.4950098293562,55.7179029786597,"INSURANCE",5172.84084603134,19.8641600831888,"Train"
"State120","UNSTABLE DEM",1681.79805810713,NA,NA,41.4725844949871,503.164473590532,NA,14.2920499815709,24.7779069922536,NA,"INSURANCE",4984.27367568396,22.558710840132,"Test"
"State121","UNSTABLE DEM",NA,NA,NA,44.3466201964195,501.983573983837,59.7402774694833,14.4065946975013,17.8743884919724,NA,"FREE",NA,14.9048022863007,"Train"
"State122","OTHER",3593.29197604951,NA,NA,NA,501.134380535974,NA,13.3628745218045,21.7504443400253,60.0534961672398,"INSURANCE",4709.01847110255,17.2161227481733,"Test"
"State123","STABLE DEM",NA,12.376025099139,31.0237708885457,38.5586369019007,NA,54.6316862925093,14.3318026676051,21.1851825940451,NA,"INSURANCE",5095.8028968236,18.8836670719991,"Test"
"State124","STABLE DEM",3053.18507510428,NA,NA,NA,NA,56.0165912908455,14.2692782073605,24.9042237756144,62.1305451398908,"INSURANCE",4869.4196950693,24.1292800161762,"Test"
"State125","STABLE DEM",NA,13.4723940542318,30.1915904116241,NA,507.688635663033,55.0756044004844,15.1523213474847,25.4130476916622,NA,"INSURANCE",5002.21610545727,22.8421013018854,"Test"
"State126","UNSTABLE DEM",NA,15.3909934577833,NA,44.3299691810316,502.312591445975,NA,NA,24.9593253656467,-99,"INSURANCE",4740.84101591823,23.3398805702994,"Train"
"State127","UNSTABLE DEM",NA,14.3466991957512,NA,45.1141019796355,NA,53.1021601234208,NA,19.1470769057253,61.2111599658646,"INSURANCE",4833.48735787373,21.1692903026103,"Train"
"State128","DICTATORSHIP",3226.50988861722,11.72447610952,NA,NA,NA,NA,15.8257560735602,25.2630603235345,58.6163897518504,"INSURANCE",5295.28515550613,22.5790568345191,"Test"
"State129","UNSTABLE DEM",5608.96654445709,15.2897100769623,35.0838422328076,41.6587157032327,502.905259599217,NA,NA,NA,56.8878962418047,"INSURANCE",4925.36286125052,21.9436287413407,"Train"
"State130","STABLE DEM",NA,NA,NA,-99,508.380877600721,NA,15.5698802822308,-99,-99,"FREE",NA,21.2214740502013,"Test"
"State131","STABLE DEM",1905.32452570391,17.630231795069,NA,43.28498179818,485.148815904838,58.8212617632394,15.9358324006717,24.2242851506305,67.8727318942509,"INSURANCE",5238.92404342104,12.043678802286,"Train"
"State132","STABLE DEM",1140.01146051214,14.8324424010021,NA,NA,NA,58.8119366552028,NA,24.4300225388033,66.5439113493015,"INSURANCE",5246.734398557,22.2063818347538,"Train"
"State133","UNSTABLE DEM",1773.2773490558,NA,NA,41.5355391723562,513.244940952232,57.6055559995332,NA,NA,57.1290906160244,"FREE",NA,28.3189771975767,"Train"
"State134","STABLE DEM",976.887672332423,15.6894609646283,34.7945983278638,41.5305511087345,NA,65.4073315440036,NA,18.0583682863663,NA,"INSURANCE",5093.04847344142,14.5911803741664,"Test"
"State135","UNSTABLE DEM",3568.01086155795,14.5515249655626,NA,NA,NA,61.1709104611742,18.0592885940751,NA,-99,"FREE",NA,21.10545661793,"Train"
"State136","STABLE DEM",809.516869442828,14.2320615118596,33.4563131611678,38.5608120612778,492.844238422267,53.7630185878746,10.4177052770234,18.2956122656582,58.5672607197336,"PRIVATE",15611.3452901875,10.4406511634839,"Test"
"State137","STABLE DEM",2404.10597437598,NA,NA,37.8451547008557,NA,NA,13.2909017178302,24.9306848683489,54.4579226878995,"INSURANCE",4839.72091636929,29.6665719347715,"Train"
"State138","STABLE DEM",2153.11951782381,12.5450671471818,30.9065114865506,39.0602042089329,495.586738018805,54.8466670827601,14.7243161931545,21.0171233334177,63.5657615554896,"FREE",NA,14.1861744567072,"Train"
"State139","STABLE DEM",3637.35258832689,NA,NA,42.4945999218067,500.869211645881,63.3960422389976,NA,NA,60.6674472129628,"FREE",NA,16.1380090014019,"Train"
"State140","UNSTABLE DEM",NA,16.9998882079238,36.9245295995453,38.9574725416601,NA,59.3447373631098,14.6323514298317,22.6029445424274,NA,"INSURANCE",4615.03258463423,20.4236224746312,"Train"
"State141","OTHER",3071.42832260696,18.0661486807223,NA,38.0463853643508,NA,52.4382624839787,13.0412362335606,NA,NA,"INSURANCE",4894.91454415428,19.4563596354975,"Train"
"State142","STABLE DEM",8291.5144117705,16.2282551805342,NA,43.1904837323531,494.385536852621,58.9586232065766,13.6687755000143,19.8950583767966,64.8230877246128,"PRIVATE",15178.1559722758,13.1092071716762,"Train"
"State143","UNSTABLE DEM",1917.32383873644,14.5184932390409,34.3108651177361,NA,510.594423423056,18.4922542274723,NA,NA,35.7204997252888,"FREE",NA,34.2071552986724,"Train"
"State144","UNSTABLE DEM",NA,NA,32.2075596561089,NA,503.076883915796,50.776525402984,11.7635176673441,20.4342019188615,14,"INSURANCE",5029.31149097106,17.680170589501,"Train"
"State145","UNSTABLE DEM",1024.68398300519,18.0519020639449,NA,43.2077461399263,492.605899663896,52.7143175573112,12.9755301064751,22.4255661757111,14,"FREE",NA,15.5744487155171,"Train"
"State146","UNSTABLE DEM",2766.01244618414,16.5788356391076,32.0320070732845,39.4641980315097,499.447211000937,54.0570854565628,12.0460612425305,21.6075148037895,61.4155282116249,"INSURANCE",4749.63107048688,17.984703179773,"Test"
"State147","UNSTABLE DEM",5007.8725910711,20.2398948531393,NA,39.9142247991685,494.371777676631,58.9221560205847,12.6269416985309,22.4533642315559,55.6504543561017,"INSURANCE",4660.21664374866,17.6992852384578,"Test"
"State148","UNSTABLE DEM",1050.83371534821,16.1774323573735,NA,38.083074032959,496.307607300386,56.5502990727469,14.3946739604438,26.6365227194122,55.3127138691543,"INSURANCE",4905.03486694167,22.8026314345814,"Train"
"State149","UNSTABLE DEM",2581.45625958008,NA,NA,39.332311823163,501.780182408036,NA,NA,23.0656266206915,60.8907125541364,"FREE",NA,19.046034431894,"Test"
"State150","OTHER",8272.50919330693,16.7184113543794,NA,42.663214330739,498.373227218983,63.7618623787014,13.7640958056466,22.0228928680346,52.6811293773249,"INSURANCE",5217.0820894719,21.8650403131822,"Train"
"State151","UNSTABLE DEM",5198.54489403532,NA,NA,39.2928441474409,NA,NA,13.5312467659091,19.57053653025,14,"INSURANCE",5043.0045445073,15.7949255391717,"Train"
"State152","UNSTABLE DEM",3695.13415694826,11.9310523200901,33.2354627193695,38.0214929096486,497.49036138699,58.2010968847794,15.3652757176155,21.4893028828307,58.6286815268635,"INSURANCE",4757.63569196304,16.2144276778929,"Train"
"State153","STABLE DEM",NA,15.0636892556546,32.7118850487701,NA,509.62354497503,58.0636083521281,13.6359759011942,20.3468838695842,NA,"PRIVATE",15266.1894980675,18.5046674141865,"Train"
"State154","STABLE DEM",2260.13759350337,14.0260411164892,NA,41.2283585238992,495.011990253373,53.3152354693954,12.9796634463001,18.9764360294754,62.1490700131111,"INSURANCE",5475.94944492319,12.4127065802024,"Train"
"State155","UNSTABLE DEM",5169.30843878819,15.6265821673879,NA,NA,502.26318551621,50.1043280069365,NA,23.8786759143024,NA,"PRIVATE",14854.2395580032,17.7708299919477,"Test"
"State156","DICTATORSHIP",813.116689120863,NA,36.9582520685303,41.0454119863427,504.931640972033,NA,NA,25.7497018563059,59.1628959026708,"PRIVATE",15264.0505680405,24.3989314709665,"Train"
"State157","UNSTABLE DEM",1327.48107914628,13.7776328057117,NA,NA,515.310945866175,54.799122642721,17.3954745942453,NA,NA,"INSURANCE",4617.43440607904,29.5404651019951,"Train"
"State158","STABLE DEM",927.513532120092,16.3026717100822,NA,40.7368780728335,494.915983132395,59.604782738393,11.9463274274285,22.7768355600321,58.6646238325633,"FREE",NA,16.4553400011628,"Train"
"State159","UNSTABLE DEM",3493.08665550468,20.3214076011572,NA,44.4881239148952,497.646733720885,52.5826155886892,14.3208049301432,25.158457239469,-99,"INSURANCE",4951.11127762741,21.4869419220736,"Train"
"State160","UNSTABLE DEM",1009.02844666961,13.5481741433293,NA,39.6139217145006,NA,55.4188380049328,NA,22.2831959807194,NA,"PRIVATE",14786.1811470824,18.9970166970586,"Train"
"State161","UNSTABLE DEM",1799.42074990208,12.6579354690749,NA,37.5523621151743,492.844086346043,50.8574506354951,12.6476811206238,21.3370422261263,61.2518812134431,"INSURANCE",5051.33202431345,12.5402591789619,"Train"
"State162","UNSTABLE DEM",4420.21444439745,11.5738118613869,NA,NA,505.958613765305,NA,NA,26.5080934481161,60.9787819920563,"INSURANCE",4893.4087827131,25.2295972833705,"Train"
"State163","UNSTABLE DEM",4681.33808835703,15.4188880011068,NA,38.5956243387236,488.44877085112,56.0647752400129,13.7566423386901,19.7922038625283,61.5880187625112,"FREE",NA,10.1265302420257,"Train"
"State164","STABLE DEM",NA,NA,38.2347732949001,42.0971499975709,500.518087339166,47.7097409450081,10.8427163760323,22.6891922282498,NA,"FREE",NA,21.3142871427954,"Test"
"State165","UNSTABLE DEM",2312.55249032599,NA,NA,43.6608594963874,500.521669128042,NA,11.5232229891887,NA,61.3771180137673,"INSURANCE",4715.19998494989,18.2514323923239,"Train"
"State166","STABLE DEM",1467.24224751278,17.1100181425853,NA,43.8985818179376,488.142623301177,57.7203762472543,17.0169833571457,24.8763344281763,66.8128981610674,"INSURANCE",5282.01858591542,14.0091135114526,"Test"
"State167","STABLE DEM",5530.66510574562,12.9138932429829,NA,36.5764137163308,494.246495969742,58.8416084622974,12.9013651664395,16.4456436270924,58.0972717404393,"FREE",NA,7.29702470017132,"Train"
"State168","UNSTABLE DEM",1441.5391124597,14.201641347767,NA,35.3933468747426,498.232759589023,53.3314511068575,12.338231592921,24.0571004810238,61.5676321208223,"INSURANCE",4897.03167303972,15.808537866778,"Test"
"State169","UNSTABLE DEM",4159.90221625944,10.4911123431897,NA,40.0697614913669,NA,NA,NA,21.9844062515704,53.6982099674127,"PRIVATE",15125.7222358972,27.3045555213233,"Test"
"State170","--",2057.46786744981,-99,38.7872443860768,NA,503.134418018089,57.8125181277768,NA,NA,-99,"FREE",NA,19.502284638221,"Train"
"State171","STABLE DEM",NA,15.8199969906685,36.199956486647,NA,508.364001379472,62.1869075655376,15.7180031198094,25.3577126365741,NA,"INSURANCE",5031.51333502492,25.6399803633729,"Train"
"State172","STABLE DEM",2200.96553351682,20.0858775003737,36.7283064165486,39.6871384577388,NA,56.5032022072296,10.8526878003088,NA,NA,"INSURANCE",5519.24392704033,20.5857846161668,"Test"
"State173","OTHER",4081.01925260083,11.7065142567603,32.8431254016527,36.9907042191359,492.503655545027,51.5260333449949,14.7315816767678,22.4877737555513,60.0230359121714,"INSURANCE",4913.64081631325,12.8273551349069,"Train"
"State174","STABLE DEM",2793.52331580997,19.318173837194,NA,41.3397913319704,496.796811476819,58.6322306608596,11.6199705963022,22.2962860857071,55.0568207832645,"PRIVATE",14482.1376838218,18.5218381153401,"Train"
"State175","DICTATORSHIP",1407.21451557537,11.6371710942215,35.1252405453295,NA,NA,52.3504225416609,NA,26.0849484615122,60.8931094336839,"INSURANCE",5298.14068749013,26.8053031654833,"Train"
"State176","STABLE DEM",3314.46227769748,14.9700065674275,30.0505680302119,41.0325203249496,494.333904120978,55.4428024578382,12.789833172943,20.3711719657222,59.8353090362171,"INSURANCE",5400.38712860076,13.9173232260742,"Test"
"State177","UNSTABLE DEM",1764.76734868656,17.3606918799834,36.308397712192,40.8107783886983,497.619280858111,54.0775525289615,14.0616875782254,24.8252689988465,63.4479075842764,"PRIVATE",14684.4915925537,18.6946278562746,"Test"
"State178","UNSTABLE DEM",3386.46751177971,17.1919201573638,35.1450535806845,41.9108260616475,489.831998344367,55.6536823844903,14.6573337518739,25.7694180880627,61.6144975948052,"PRIVATE",14911.6698111032,18.0250991541377,"Train"
"State179","OTHER",NA,13.6744082660627,29.3582708365192,NA,519.626742361488,58.960580232142,13.7530382635966,19.9960146202911,NA,"INSURANCE",5027.79648703845,23.35932879845,"Train"
"State180","STABLE DEM",7934.31735409581,NA,NA,-99,NA,55.0184416510601,NA,-99,-99,"INSURANCE",4859.7257570275,20.2871272988641,"Train"
"State181","STABLE DEM",3104.69610139787,15.0227714064701,NA,-99,NA,NA,14.1294590356853,-99,-99,"INSURANCE",4984.56543408924,22.0581697225213,"Train"
"State182","UNSTABLE DEM",4034.31941600748,17.1276509412101,NA,44.9806657545332,483.258786854931,54.7490141270593,13.776219380495,22.1374060456393,61.353703905451,"FREE",NA,11.0163228432519,"Train"
"State183","UNSTABLE DEM",2442.23919280909,11.476432480334,30.1698249455267,35.9957661470615,499.916010040817,57.4578882150362,14.074108462274,19.2698624208456,59.3106437576357,"INSURANCE",4875.86120520911,13.9826682731721,"Test"
"State184","STABLE DEM",NA,NA,NA,41.4908209245154,NA,52.9020823060523,13.4093273874941,22.7137794020911,64.6874343920509,"INSURANCE",4930.17242221096,25.4936011533347,"Train"
"State185","STABLE DEM",3702.19727903742,14.3630913990963,34.8134615885069,38.9370744579316,489.575300148949,49.1871562948319,13.8535062169699,24.036057254511,68.2528795497291,"INSURANCE",5496.21979626636,11.9400855085004,"Test"
"State186","UNSTABLE DEM",2009.38771938849,17.9802578361303,NA,42.8907690255046,497.227087116428,62.4058693394701,14.6138669758515,22.7827911380593,61.3803015239493,"INSURANCE",5326.85305208271,19.6260877885495,"Train"
"State187","UNSTABLE DEM",7674.56201927241,19.1914666956711,34.2061511748786,38.8717464760775,493.843021586448,54.4265136832613,10.3167275781861,20.987356982593,62.9209460444385,"INSURANCE",5000.30464078506,11.412238765293,"Train"
"State188","STABLE DEM",4045.2796915306,15.3677286205143,32.6551043906269,NA,NA,50.1053511029854,11.6104170919926,NA,59.9639940843442,"PRIVATE",14822.2902351464,22.2653180767389,"Train"
"State189","STABLE DEM",3128.16656384925,14.3055715089268,33.9989911608726,39.605416233119,492.873078132127,55.2635201797804,11.3919850790504,18.1728877560556,61.9901786708473,"INSURANCE",4679.71830551209,10.5247076198461,"Train"
"State190","UNSTABLE DEM",NA,NA,NA,41.0450016140195,NA,59.4337017033449,16.8042484119003,25.2644682178416,60.1550211992425,"INSURANCE",5125.72131324647,24.8190194115496,"Train"
"State191","STABLE DEM",1743.28714398437,15.6052747299775,34.098433570622,NA,519.791012010571,NA,16.4414514628245,NA,54.882026914637,"INSURANCE",5030.79815377175,33.163350944777,"Test"
"State192","UNSTABLE DEM",3039.89737337764,NA,NA,36.9820187960883,513.059952225893,54.3341921191581,NA,28.7699217368065,NA,"INSURANCE",5502.73546188409,31.0087521409695,"Train"
"State193","--",NA,NA,NA,33.0258314045338,506.398508610082,63.9470491785564,NA,26.4828899479203,54.2027161849775,"INSURANCE",5154.71109701785,26.0194320858862,"Train"
"State194","STABLE DEM",NA,15.9139710565854,NA,37.4908195106148,NA,NA,12.4773499122334,22.1222437095763,65.4391896226338,"INSURANCE",5283.66414202766,15.3509636480856,"Train"
"State195","STABLE DEM",364.270831155185,14.7016384808047,34.4304030418642,37.2220366123568,498.940220429515,53.1028963012111,14.3437544913234,26.2357899810412,58.0655760622991,"INSURANCE",4965.51394448917,22.2255493063965,"Test"
"State196","UNSTABLE DEM",1262.45583707884,NA,NA,37.6100484279457,500.275492884744,51.5073798004023,NA,NA,58.058513626124,"FREE",NA,20.2172093757366,"Train"
"State197","STABLE DEM",252.555783688261,14.221020731915,NA,40.262797579679,491.149822004654,53.635488011734,15.9032696476911,26.3288992708486,54.2409210447888,"INSURANCE",5024.96470557203,22.724974613345,"Test"
"State198","UNSTABLE DEM",NA,NA,30.6073361580655,NA,518.068600548861,55.6747846444174,17.2407558686997,25.6028654922924,61.9937883411547,"FREE",NA,29.804723964314,"Train"
"State199","UNSTABLE DEM",3226.16843093152,19.6930911486226,NA,39.094918379429,501.246855124337,NA,NA,NA,57.242865128214,"INSURANCE",5089.05570440609,19.7623424752347,"Test"
"State200","OTHER",3708.94182063696,17.6197697589979,NA,-99,507.311611786103,52.7938212457764,NA,-99,-99,"PRIVATE",15375.3013718432,24.9427750555333,"Test"
"State201","STABLE DEM",1962.66183509859,NA,NA,-99,505.001713554179,59.3915117594021,14.476654178859,-99,-99,"INSURANCE",5175.63511137491,23.5377603556896,"Train"
"State202","STABLE DEM",744.700543965054,NA,NA,NA,NA,58.4349609118401,13.2119039038854,24.9882135449075,59.9870808111134,"INSURANCE",4942.62100733419,24.656593383673,"Train"
"State203","UNSTABLE DEM",2075.50624140273,14.8456431003951,NA,37.3325970217427,481.499438807935,46.7815089442994,13.4970639311411,23.5281272059636,65.8623687009524,"INSURANCE",5177.86948596945,8.06791850334163,"Train"
"State204","UNSTABLE DEM",NA,NA,NA,NA,502.120160945828,62.863693647087,14.6312612416105,18.8328368027928,62.6593096246031,"PRIVATE",14690.3654171261,16.3872367273863,"Train"
"State205","STABLE DEM",2100.91567233084,12.2893896066933,33.1891740048523,38.3177074835351,499.164170900706,54.9686928160573,16.0676917539232,25.9326484689843,61.7097022047266,"INSURANCE",4741.382737832,20.7317628508453,"Test"
"State206","STABLE DEM",3593.99402725332,14.5480530379082,NA,37.2713300486057,493.467414991714,57.2024499126875,13.1543159575573,19.9798314103606,62.3803791530683,"INSURANCE",4926.66907009503,9.10977902276771,"Train"
"State207","UNSTABLE DEM",652.103474162345,12.6314269880833,NA,NA,NA,NA,12.9467395956006,22.608792645464,58.1469839399279,"PRIVATE",15461.4798893057,22.1758324180759,"Train"
"State208","UNSTABLE DEM",NA,NA,NA,39.4058905000098,NA,49.8974727415307,8.58261383747147,19.4132027735007,62.1226717285041,"INSURANCE",4854.03246085046,16.0636571537064,"Train"
"State209","UNSTABLE DEM",3883.27232434171,16.8747051272972,NA,39.1342272954297,487.424975473552,54.920363348974,12.8941596738745,25.2170422500926,-99,"INSURANCE",5239.89582901736,13.8787055831319,"Train"
"State210","UNSTABLE DEM",NA,14.8697687279345,34.2209694831027,NA,NA,62.8890190161124,15.0316216691286,20.6499698609703,61.4588722982152,"PRIVATE",14986.6305013949,18.551986579512,"Train"
"State211","UNSTABLE DEM",1998.21850574993,NA,NA,NA,504.517265600466,59.9737103885988,NA,20.2858933341497,60.1789621835761,"FREE",NA,18.2898740995911,"Train"
"State212","STABLE DEM",5203.41134731862,11.2203804548085,NA,NA,513.072832878845,59.0235105457463,NA,NA,59.9090109264274,"PRIVATE",14243.9735429061,21.6554831196203,"Train"
"State213","UNSTABLE DEM",2650.85065837586,17.0033510297485,NA,NA,510.738835150416,NA,NA,22.2136347593118,60.938980396657,"INSURANCE",4745.00979794729,25.2139959293933,"Train"
"State214","STABLE DEM",NA,13.6329377705572,NA,40.684931300582,503.078236645781,NA,14.0544559280757,NA,61.7908440538671,"INSURANCE",4844.60398545619,19.1373478903306,"Test"
"State215","STABLE DEM",2711.38927117115,14.9014057610172,33.0689638292158,38.3859464757513,508.295335680602,NA,NA,NA,59.5052155090628,"INSURANCE",5120.52260597242,27.3350580511645,"Train"
"State216","STABLE DEM",3260.76807867295,NA,33.7072259656851,36.9633372538905,507.760487211947,NA,14.4642227048872,NA,61.4540964811036,"FREE",NA,19.7270367205096,"Train"
"State217","STABLE DEM",2554.06018257608,NA,NA,40.8235208224666,500.681221523278,61.7225077559634,NA,17.1068122683667,NA,"INSURANCE",4979.57359198734,15.9444586713551,"Train"
"State218","UNSTABLE DEM",1753.9810798673,15.6223381405572,34.369633608145,NA,506.426380553648,52.4383511437428,NA,NA,56.3819215962152,"INSURANCE",4986.65746662228,23.4432085748761,"Test"
"State219","STABLE DEM",3500.56246270722,19.9452865461799,35.2562767239146,43.3637147060231,503.095349567125,58.7146707765864,NA,NA,NA,"FREE",NA,19.0218378291132,"Train"
"State220","STABLE DEM",1717.27290471239,NA,NA,34.5077105960093,NA,59.2827112811532,14.0777166270344,NA,56.9064244077555,"INSURANCE",4879.55001911908,14.4114795481613,"Test"
"State221","UNSTABLE DEM",2504.84751233392,15.6199646287329,NA,35.3589179065885,495.223107787813,53.0943753106963,14.4631719167576,23.6945957776529,60.4782303862134,"INSURANCE",5130.62342618588,15.6874123863575,"Train"
"State222","DICTATORSHIP",1552.30776429719,19.2043128140889,36.9470719877165,NA,505.032107553162,53.0870511032487,NA,21.025227247975,NA,"PRIVATE",13658.6723538259,16.5923977950177,"Train"
"State223","OTHER",776.281334422794,14.6611262820956,NA,38.8276127166675,493.113882461423,51.3337909890294,14.3299706587644,24.4594662453953,59.5690429771546,"PRIVATE",15334.3351742967,16.3728207801343,"Train"
"State224","UNSTABLE DEM",4540.33319427128,15.1984039778899,NA,NA,NA,52.1839842462675,NA,22.8441341380867,57.7674438771382,"FREE",NA,29.06049302959,"Test"
"State225","UNSTABLE DEM",2685.6678517805,14.7998675439415,30.2065712975508,36.637303403647,488.510347882093,48.355910428625,10.7550545831097,27.3887972041866,54.3765687791209,"FREE",NA,19.2121277618695,"Test"
"State226","STABLE DEM",1774.77931140525,NA,NA,NA,505.58054149623,55.5137418571664,NA,24.7859314649848,56.4216375500188,"INSURANCE",5184.97267885732,26.2917678488268,"Train"
"State227","DICTATORSHIP",2825.87207422923,16.4015212967613,35.4295924778985,39.1821682368471,478.23016426017,51.7148291100259,14.9456145396132,27.9809471978921,61.071077670384,"PRIVATE",14523.3529125422,13.1078571256396,"Train"
"State228","OTHER",3879.78450288214,14.9097269982359,35.1319552150558,NA,NA,NA,14.9978133893921,22.1059510661227,62.2126809135649,"INSURANCE",5103.74805938147,21.0546437984441,"Train"
"State229","STABLE DEM",3529.14509019544,14.9402791625578,34.9438506660874,38.3037200732062,484.070502508956,55.8855113645315,15.1119882111179,27.077720046643,60.5399684354962,"INSURANCE",5314.17338779274,14.8358086860222,"Test"
"State230",NA,NA,NA,NA,NA,NA,NA,NA,NA,58.887676367827,NA,4901.17773277311,18.2923837516639,"Train"
"State231","OTHER",1989.09422118688,NA,NA,41.6188692314446,NA,54.9856089186708,NA,23.5585900711269,62.7773283503309,"INSURANCE",5170.1201965468,24.3230743345251,"Train"
"State232","UNSTABLE DEM",1457.69156410964,NA,35.5665638396695,40.2397327811399,NA,55.3352475780829,13.923994092884,NA,-99,"INSURANCE",4979.41122798541,25.5937504000178,"Test"
"State233","UNSTABLE DEM",3993.86033335813,19.2192962039091,NA,NA,NA,NA,10.3637627582064,20.0179181762997,33.7266190914154,"INSURANCE",5059.29936243362,27.8158926218992,"Train"
"State234","OTHER",4039.12626902156,14.2227637977527,NA,39.7641959271997,480.478755987811,55.3262923625408,13.4985754569791,20.9588493236238,64.4015263697652,"INSURANCE",5141.93510549835,4.88711620117601,"Train"
"State235","STABLE DEM",1581.13532338079,11.665303850064,34.7633460504583,36.8926867443269,494.43984241504,51.4567868340074,14.9242096577803,25.1015690104291,60.6859025773018,"PRIVATE",14333.2976640279,16.8370069893481,"Train"
"State236","STABLE DEM",3544.69654732015,NA,36.2006806011326,38.4792122884104,503.096590742137,49.2692472108674,NA,23.6224377791223,NA,"PRIVATE",14259.9253732223,20.3543223933273,"Train"
"State237","UNSTABLE DEM",2079.91677328319,17.3746397413229,NA,44.4164120478831,488.903103361899,63.5793543094029,12.8425024702723,20.229862598248,56.4511667693948,"INSURANCE",5230.97929558658,14.4005454862963,"Test"
"State238","OTHER",NA,18.1757082820421,NA,40.8551393914409,NA,NA,10.6074246475437,17.7632112623436,60.0297458067967,"FREE",NA,18.6150142801885,"Train"
"State239","STABLE DEM",4945.37261576588,13.569316280095,NA,36.9282873657359,492.549433557003,57.0068784851123,17.0057603409085,26.5812081981078,57.0368621629903,"INSURANCE",4815.33879825406,19.9651797431326,"Train"
"State240","UNSTABLE DEM",3866.91112134574,14.4115274793705,34.6955802845485,40.0032214154632,489.0872182988,53.7467977302627,13.9884672282522,20.5824899306154,65.9227126897369,"INSURANCE",5062.26765709213,8.15643373415432,"Train"
"State241","STABLE DEM",1779.79148649647,11.7407771155456,NA,42.8770567496864,494.744438279414,54.6895705617739,14.1566898267211,21.0212648379213,61.3047793102729,"INSURANCE",5020.64474669211,15.4819118921363,"Train"
"State242","STABLE DEM",408.474074180961,17.1196632474785,NA,42.9351032703997,494.95149520151,60.0764530656228,12.9827157626865,21.3534968749982,57.575082314457,"FREE",NA,16.6176880250932,"Train"
"State243","STABLE DEM",3526.52859135015,11.9507042361681,34.8310841127507,38.7633163138319,489.795009926087,53.7460412213158,15.1607741401176,24.7622658085394,59.4081020443379,"INSURANCE",4989.0069329572,16.6139028159441,"Test"
"State244","STABLE DEM",2905.35530719464,13.4546690606418,31.1629689364267,35.4543396569315,497.707260804007,60.6827642583677,15.2752784922781,23.4151025344135,57.3589918587388,"PRIVATE",15240.63710324,16.0025453876139,"Train"
"State245","UNSTABLE DEM",2710.81877944978,14.3855400678206,NA,32.8271445141863,498.603310333727,58.6348130711319,14.4948795096311,23.2354298596092,-99,"INSURANCE",4801.46169831278,15.4960190213794,"Train"
"State246","STABLE DEM",3528.65616921786,14.8714916640042,32.4840130709626,37.8966946753059,494.451278378098,51.7928448677795,14.4190056725062,23.7578368793721,63.3650779246836,"FREE",NA,16.6249719276682,"Train"
"State247","UNSTABLE DEM",1215.58202166575,13.6707441026205,NA,35.010106522517,495.163312087505,53.2652670373445,13.5853168942332,21.507618584623,62.8934892478669,"INSURANCE",4913.88522873964,10.7148011368272,"Train"
"State248","STABLE DEM",3892.6198830801,13.2020876545136,32.7065636546608,36.2758005681716,497.073796633153,58.6478765945284,14.5924068790651,19.9849768703841,59.6136515591298,"INSURANCE",4874.08635706204,12.3567539866641,"Train"
"State249","UNSTABLE DEM",2394.8175439137,18.3643796424333,34.211791494497,38.8092149948423,499.790580588442,55.1930502996959,11.8749812728992,22.8312711657301,62.6475113725717,"INSURANCE",4728.12588511311,16.8267560817895,"Train"
"State250","STABLE DEM",1628.50158483785,12.4241990470228,NA,33.6248662936804,493.12301592655,57.9189012920132,15.1914392627687,25.7112748311035,56.0842388571108,"INSURANCE",5037.11745221101,17.4815748274286,"Train"
"State251","STABLE DEM",3041.81593317468,14.2845118386708,NA,35.5612465794484,493.589423889291,60.6662091033041,13.9283551485824,21.4777440427471,58.5255836740629,"INSURANCE",4927.70923076554,12.0698343443112,"Train"
"State252","UNSTABLE DEM",1847.7184025832,17.7072970727771,NA,41.659758571034,494.732259608317,57.214512906727,12.9909714585629,23.3951829078083,-99,"FREE",NA,18.9061758980137,"Train"
"State253","UNSTABLE DEM",3532.2916224672,12.2535191412488,NA,37.0220465150472,498.107731015099,55.5538692162366,13.444012672735,17.9745747617248,59.1712787096504,"PRIVATE",15948.8809315683,10.2696148141475,"Train"
"State254","UNSTABLE DEM",3784.04249434394,13.5949916830135,32.2926324887941,40.9234251028669,494.767934629003,59.8698803567139,14.4539714741654,24.0052953423493,54.6503803097893,"INSURANCE",4808.38992024591,20.3432461470565,"Test"
"State255","STABLE DEM",NA,12.1984963756357,31.3892841408592,37.4133857529105,513.518218523075,NA,NA,27.0109348684442,59.5408391077498,"INSURANCE",5108.32982206446,28.9028117140228,"Train"
"State256","UNSTABLE DEM",1218.10123717197,13.4784945845586,35.6413673468,38.4488569413852,494.633537998514,56.4281213059791,15.5460342555112,25.3088001682354,58.3487113342765,"INSURANCE",4756.24193841323,19.7802290309501,"Train"
"State257","STABLE DEM",1021.15245414404,13.306719176211,32.4072387167255,39.8426932965724,499.062658998138,58.1949477542092,13.1114862076472,21.05923265799,60.3632553331456,"INSURANCE",4909.08840419512,16.5827724932805,"Train"
"State258","UNSTABLE DEM",3962.61131636298,16.7030738206823,NA,40.5020874205275,498.391590988997,59.2816134471676,11.5744020156437,21.1371119088241,54.0614899090102,"INSURANCE",4923.53942610258,18.5492768783141,"Train"
"State259","UNSTABLE DEM",2833.81667536319,14.8881162509739,NA,38.1227095808157,493.890997880991,56.314012568581,14.3865125183947,22.970803887481,59.1596125965388,"INSURANCE",5429.65435453995,14.4430206176495,"Train"
"State260","STABLE DEM",2649.57910478092,14.171667069951,NA,40.1554446414784,493.975236482259,56.1212530908191,14.3420583499445,20.8100674816752,56.2516907983683,"FREE",NA,15.5059478326245,"Train"
"State261","--",2147.13683246335,-99,NA,39.8743494798164,NA,NA,NA,20.5439740643694,NA,"INSURANCE",4562.964437864,25.6048326835294,"Test"
"State262","STABLE DEM",2988.33326712383,11.7282876214869,NA,NA,512.25197162401,NA,13.4706268996969,NA,57.8876327092576,"INSURANCE",5021.33696350765,24.9521903203486,"Train"
"State263","OTHER",874.601395592943,NA,NA,42.7263244552299,507.720050874161,54.4509787511623,NA,NA,61.8727155375605,"INSURANCE",4764.64199824795,29.451337346688,"Train"
"State264","UNSTABLE DEM",4702.98381520277,11.8476881031775,33.4965426049653,37.8614595979027,488.179463366352,55.9126104489278,13.6251097789618,21.4873047648264,-99,"FREE",NA,11.8698778879378,"Test"
"State265","UNSTABLE DEM",NA,16.9150481920074,NA,NA,511.968378471448,64.8940781647519,13.8807845355423,NA,57.5016935641976,"INSURANCE",5065.5501991284,22.2720590512037,"Train"
"State266","STABLE DEM",3484.632649483,15.5351287448007,NA,41.69409501131,499.33111573941,62.8131229271818,15.1400118401324,19.7331707511185,55.6962929832394,"INSURANCE",4888.56972087826,15.4158317311429,"Test"
"State267","UNSTABLE DEM",NA,11.3535161958892,30.5673651709288,NA,511.860386571304,59.7819954632837,15.3766725163216,20.8214123478401,NA,"INSURANCE",4650.78883705981,21.4230085469926,"Test"
"State268","UNSTABLE DEM",1873.80888522385,11.3142589877377,31.5799230665389,NA,NA,21.1439625802064,14.4980675286167,NA,-99,"INSURANCE",5291.26402421459,27.2442436939242,"Test"
"State269","UNSTABLE DEM",2012.0935953346,18.3068036645064,39.8924776912805,39.537890019151,489.190467374609,53.3382386592062,11.5829787110385,23.5775022308878,59.0003545873375,"INSURANCE",4853.32953709774,13.924594219842,"Train"
"State270","OTHER",NA,NA,34.7032541654223,NA,506.812170352843,53.828136558815,13.2075320202619,22.8146001876443,59.5254278108846,"FREE",NA,21.6201691164419,"Train"
"State271","DICTATORSHIP",3750.6165194231,NA,33.0086927707535,39.2604634588788,NA,NA,17.5916313887911,20.1716788108054,60.6873180266136,"INSURANCE",4872.34955471849,20.8588411985742,"Train"
"State272","UNSTABLE DEM",2840.2238542454,9.78712372919407,29.8048879756387,NA,512.030758354473,55.1273649430157,NA,26.5977031845934,NA,"INSURANCE",4946.35154479024,28.1891622795584,"Train"
"State273","OTHER",1386.73098497588,16.1054126668227,NA,36.7813038687092,NA,NA,14.6943407972111,21.3810234237873,NA,"INSURANCE",5055.44878988612,18.160199611205,"Train"
"State274","STABLE DEM",1102.93656952396,NA,NA,NA,500.750144357108,57.5860433371272,NA,21.147542286551,64.9951735107605,"INSURANCE",5057.04776373412,17.5830451802986,"Train"
"State275","UNSTABLE DEM",4811.61240868319,15.5832099368696,34.195551129886,43.2592878294534,NA,NA,14.7908198379194,NA,63.9471546740702,"PRIVATE",15013.3894687022,22.2481060563887,"Train"
"State276","STABLE DEM",NA,13.1359650729097,32.2923832138526,36.4843972239267,508.188014540969,52.6289240280092,NA,NA,61.742043000051,"FREE",NA,21.044967358203,"Train"
"State277","UNSTABLE DEM",965.693332812475,12.7598857972648,31.4249787323053,42.1459242569046,495.284466736595,63.0662416727074,16.0498908179145,23.0116262384913,-99,"INSURANCE",5083.48459222677,18.2108905303007,"Test"
"State278","UNSTABLE DEM",5005.1384009602,13.7999544386095,NA,37.1320904236258,487.724905981843,52.5893558386427,14.0556951451042,24.2260708158631,65.9210969230946,"INSURANCE",5262.26029225125,11.3601755182029,"Test"
"State279","STABLE DEM",3551.72733737161,NA,37.7768976495215,38.5101399714192,505.229830144361,NA,16.5140346121066,NA,68.5981494589116,"INSURANCE",4919.84477061465,17.5564443195343,"Test"
"State280","OTHER",3304.42789691509,12.8706834844387,NA,37.5429094766488,496.280681035799,59.9866469721897,14.389162892363,24.2663454373744,52.1194596275884,"INSURANCE",5207.62862279104,20.6529585676481,"Test"
"State281","UNSTABLE DEM",NA,NA,36.5263554718382,42.2472704309363,512.639760902509,54.2480304791658,14.5435359006931,NA,60.8560277691137,"INSURANCE",5154.84938734358,26.9761691131775,"Train"
"State282","STABLE DEM",4520.11522082647,19.2827690298028,NA,NA,NA,54.5668726647539,12.087799064779,24.0871387324239,NA,"INSURANCE",4684.65692475917,25.9700022274263,"Train"
"State283","UNSTABLE DEM",275.785974764744,14.4173469528736,NA,38.8290715418019,497.323609197636,56.4738828860988,15.2393126700438,26.9718179236839,59.8796713016028,"PRIVATE",15036.7258834613,21.3109930276591,"Test"
"State284","UNSTABLE DEM",1128.63316218587,NA,NA,40.3212399848076,NA,59.8385961684341,NA,22.8786047963087,54.0731328774277,"INSURANCE",4995.36902478411,24.5839237905322,"Test"
"State285","UNSTABLE DEM",NA,13.7457480267942,NA,NA,NA,52.7374466181927,15.2295041880603,26.139330242654,61.2105532449978,"FREE",NA,24.5535858481224,"Train"
"State286","STABLE DEM",4274.03452394276,15.4667366868503,37.5452094081718,38.4216298425397,496.22317978259,60.4536724390701,14.6814319438195,22.5648342174,57.5392415414979,"INSURANCE",4971.75969317768,17.7501076176044,"Train"
"State287","STABLE DEM",3495.73137375486,14.928353091768,NA,38.7594898521329,495.882875611141,53.1205468442805,13.2882615986052,20.8213066548359,62.5638493292943,"INSURANCE",4796.18352289839,13.3733080568125,"Train"
"State288","STABLE DEM",3415.46163916303,11.8759760664288,31.5289630663816,34.2930786920042,496.438715340912,52.3622861181127,14.3308742304677,23.9396429457482,58.8626808008627,"PRIVATE",15556.4550578843,15.5288257803601,"Test"
"State289","UNSTABLE DEM",4760.53291726138,12.9489878195157,31.4776398563261,36.1188813471064,496.952835548052,53.1779831441268,13.4384760461391,25.0686528595468,62.2744695554345,"INSURANCE",5212.64071208348,17.6749963878109,"Train"
"State290","DICTATORSHIP",7372.40504533072,17.214609511995,34.6673223562017,40.0364776669746,507.171209873115,54.5046742198633,NA,NA,NA,"INSURANCE",4618.65746147492,24.1390596303592,"Train"
"State291","DICTATORSHIP",NA,14.7936058155565,NA,40.8698563449493,504.995306096415,59.8289469286199,NA,22.0574377739739,NA,"INSURANCE",4890.21603190843,22.2186395821612,"Train"
"State292","STABLE DEM",1533.12092346403,NA,NA,NA,500.220532819096,19.1812849561028,17.2901881815391,30.8641127824321,NA,"FREE",NA,36.7052823916604,"Train"
"State293","UNSTABLE DEM",2716.42896359762,15.5816208597175,NA,39.508350137798,502.858954276155,NA,NA,NA,63.7940135321576,"FREE",NA,16.0412507593754,"Train"
"State294","DICTATORSHIP",3125.42535098443,11.7681022528974,33.5287047250797,42.1551569974242,491.789738176309,61.3042722929573,17.0054816457068,22.4889901096627,59.0541467690529,"FREE",NA,17.2888192507916,"Test"
"State295","STABLE DEM",2389.57561676912,NA,32.9765240139699,NA,502.493993644705,17.7345463245973,12.5431434634685,21.6374610167123,NA,"INSURANCE",4905.18549459397,24.4272702641187,"Test"
"State296","UNSTABLE DEM",5374.47316465891,13.5476564186398,35.2126278671542,38.8076508802411,499.143967398589,57.7574422485236,15.4905769939647,19.9882809467547,62.8027117049243,"PRIVATE",14449.6138316014,14.7067552978784,"Test"
"State297","DICTATORSHIP",2206.30481557032,14.0492207265461,33.5496393318173,NA,NA,51.1242325811785,14.7368887121285,NA,65.9294217070709,"INSURANCE",5097.81636254045,17.0981838589001,"Train"
"State298","UNSTABLE DEM",3862.98136497986,16.2869712425866,NA,38.7662412068328,485.031591023189,53.6682056471838,14.9051776147861,23.8723060399561,59.7152618746584,"PRIVATE",15579.091183727,12.1589144032333,"Train"
"State299","UNSTABLE DEM",NA,18.1012082194578,32.5012252049517,33.2608744695309,500.125803585727,NA,12.3147631820126,NA,60.9219725395633,"PRIVATE",14454.8794971964,18.960881096254,"Train"
"State300","--",1158.61897917692,-99,31.5686828836745,NA,507.605832488109,52.3451438929388,NA,NA,NA,"PRIVATE",14947.67801032,21.2842353460616,"Train"
"State301","UNSTABLE DEM",1989.93481287255,NA,NA,NA,516.494768693869,59.9262103540956,14.5651238959693,NA,57.0138584527543,"FREE",NA,29.0257139744916,"Test"
"State302","DICTATORSHIP",1338.27488108527,NA,36.3082249244482,NA,518.855553977737,60.7031908432504,15.1478659960356,NA,55.7954229903954,"FREE",NA,32.5169672721793,"Train"
"State303","OTHER",1950.85651325373,17.3714168550369,NA,39.2860719564434,494.377086019724,56.4424254058221,13.8098129655184,25.3121582310048,14,"PRIVATE",15346.6928376541,16.7711115274828,"Train"
"State304","STABLE DEM",2767.35580515662,11.3234032806902,35.7719885605469,36.8314658112485,484.086234399997,57.0452556726498,19.3062280525254,29.8661718965742,61.6729161465287,"INSURANCE",4992.20929016433,15.7536658993862,"Train"
"State305","UNSTABLE DEM",2053.4968722858,17.6704559665573,35.8024277168832,40.7193755458466,496.38066614113,53.2398490204194,11.2387343495261,18.1976879450256,61.9061059708822,"PRIVATE",14891.1058621195,10.5316129110365,"Train"
"State306","UNSTABLE DEM",962.70783024959,12.179965438094,NA,38.6535030346447,497.954221419489,58.5418151189034,15.9895215411664,22.4957800677606,57.0640500857251,"INSURANCE",4820.05361453777,18.0159551157278,"Test"
"State307","UNSTABLE DEM",1951.77543998189,16.7952335899178,NA,37.887500668583,491.59554693337,54.1443425344722,14.172805668729,20.8062854316652,61.7140857567092,"INSURANCE",5144.27893910111,9.94667947775238,"Train"
"State308","STABLE DEM",2905.47103957527,15.9236998945869,NA,36.9606699362107,494.553889242485,51.8449671978749,13.4254294915416,24.7707950526788,56.1993129279534,"INSURANCE",4717.60902142175,18.1562165228268,"Test"
"State309","STABLE DEM",6214.12495196719,17.820206724799,33.7869088954375,42.9065247547882,499.75969900922,59.1649367025959,12.052833867826,19.2996983559383,14,"FREE",NA,17.8792741225306,"Train"
"State310","UNSTABLE DEM",NA,15.1704758008773,33.1519198062123,39.1690911207979,511.879381049125,55.5667507917148,NA,29.0205256249086,NA,"INSURANCE",5539.58017757731,32.4629313775264,"Test"
"State311","UNSTABLE DEM",4279.23257603467,13.7105209826285,33.8850814961347,NA,NA,54.9598694609563,NA,21.3293792430049,60.4191112540943,"INSURANCE",5211.99443508768,26.8657255541455,"Test"
"State312","STABLE DEM",5394.30556717393,15.9110751343195,35.8344713355931,34.402717172167,499.787579998741,51.2349548930914,12.6607851706339,25.982499826375,59.1761109480591,"INSURANCE",5196.10730435096,19.8761563960065,"Train"
"State313","UNSTABLE DEM",2113.04913482005,15.8885523084382,35.663695203051,35.461256957553,501.964111357861,NA,13.4298950033523,NA,NA,"FREE",NA,14.0575684486216,"Train"
"State314","STABLE DEM",1580.03393466449,14.3570427804382,33.9761981965427,38.4096243251957,499.237059456629,52.3625908085619,13.1758317805082,23.7632178167314,59.1139305929018,"FREE",NA,18.7200929176619,"Train"
"State315","STABLE DEM",2893.93382881208,NA,NA,NA,514.412597302162,60.4307123955794,16.4459424162944,NA,59.0785157286002,"PRIVATE",15013.5476893815,28.7750608587586,"Train"
"State316","STABLE DEM",1730.93864707514,18.5116447038953,35.8767488168668,NA,500.180091383917,56.5938121548226,13.0792488932118,NA,NA,"INSURANCE",4850.23423570578,18.6385079038961,"Train"
"State317","UNSTABLE DEM",2063.2263306816,16.014450705104,NA,39.8950997454985,494.965521760837,55.6105263331964,12.5173441482884,23.2075654772654,56.4373818899824,"INSURANCE",4527.24494590543,18.4886934794763,"Train"
"State318","STABLE DEM",NA,10.8555494979652,26.397519311772,35.5209367714885,NA,54.7809822261316,NA,18.8251172350151,61.5962393915401,"PRIVATE",14929.5247150199,12.2901310347498,"Train"
"State319","DICTATORSHIP",NA,NA,NA,32.4548660486935,514.380495002947,52.7509198224247,14.9267986412445,26.2382344501318,NA,"INSURANCE",4943.02875598433,28.0531143924497,"Test"
"State320","UNSTABLE DEM",NA,13.0672117295793,37.1131270943841,40.5621182994453,NA,63.4838274790683,16.1079837072507,24.6025194167059,NA,"FREE",NA,21.3647848984497,"Test"
"State321","UNSTABLE DEM",4943.73060537817,13.7640535641482,36.522819743223,42.4775364117472,497.122187325479,65.6730020898837,18.0924342882771,23.7835837364748,60.908415648408,"INSURANCE",4594.99175264421,19.5928335925535,"Test"
"State322","STABLE DEM",2812.85140954802,17.184634918392,NA,37.0352650721807,493.168959099249,18.2535149353233,12.3775601767234,24.7042619539314,33.8408479297313,"PRIVATE",15237.2437275116,23.9328229562898,"Train"
"State323","STABLE DEM",NA,11.8662331199527,32.3527009612052,40.1273236240709,514.328103569748,NA,NA,23.5837198486963,55.2565221993806,"PRIVATE",14485.9111088462,28.440894458168,"Train"
"State324","UNSTABLE DEM",5922.49014221258,18.0331647910426,NA,35.5180714525614,489.954909392186,60.6427322827783,14.885290611435,25.7556853243258,59.4323014537114,"INSURANCE",4939.34571518307,15.2991761141736,"Train"
"State325","DICTATORSHIP",NA,15.5491987921248,NA,42.1319530132151,NA,61.2192145633894,15.8299416043561,22.3553044510507,NA,"FREE",NA,26.7430704992058,"Test"
"State326","STABLE DEM",1974.84684312839,NA,NA,33.3925547491798,507.550078681839,NA,15.9323098831293,26.9688399578928,NA,"INSURANCE",5059.08733547197,25.3314597706335,"Train"
"State327","STABLE DEM",NA,15.4398088392639,35.0524980576999,42.5240001815355,NA,62.2392352708891,14.017156839853,20.6823614127597,NA,"FREE",NA,19.985985614852,"Train"
"State328","--",NA,-99,36.2008406211718,NA,507.462880716764,53.1570070388123,NA,21.9770809826878,NA,"PRIVATE",14343.2586319064,22.4840265236132,"Train"
"State329","UNSTABLE DEM",1877.28641382132,20.7726189807934,37.1795369733773,38.2553213819064,493.336268559534,52.4535829466936,8.16857214373891,18.2707398851252,-99,"PRIVATE",15042.7626412105,8.88555061180549,"Train"
"State330","OTHER",1813.61610500097,NA,NA,39.1933360510647,NA,NA,18.4167340699516,26.4966364636367,62.8386823701132,"INSURANCE",5153.50666278461,29.3163810444652,"Test"
"State331","UNSTABLE DEM",NA,15.9223586025731,NA,38.4212948805425,502.176802110559,58.4926780323459,NA,24.7256841653956,NA,"PRIVATE",14469.685132642,20.5848102960127,"Train"
"State332","UNSTABLE DEM",2056.37151929672,NA,NA,NA,502.925128122881,NA,12.2794869680579,22.5018832546869,57.9839866460032,"FREE",NA,18.2708169788641,"Test"
"State333","STABLE DEM",3075.14007400891,14.2320408581013,32.2252585711765,35.2582582838913,494.101715908969,55.8269608318116,13.129811158498,20.785648356228,57.841251415304,"INSURANCE",5248.37923511267,12.9503482224237,"Train"
"State334","STABLE DEM",2000.06111590998,10.9384456415067,32.353350297577,-99,NA,NA,17.4065193164545,-99,-99,"FREE",NA,25.3374668889814,"Test"
"State335","UNSTABLE DEM",5129.62633146343,10.3793520396732,30.9103090371178,36.70428945152,493.44539074192,57.1094031387686,16.6414510913626,24.9498426756459,-99,"PRIVATE",14821.1211071513,15.7438497051288,"Train"
"State336","UNSTABLE DEM",NA,NA,NA,NA,502.539689799075,50.7968072045153,13.3763212849394,25.3214442164372,59.2288906065365,"INSURANCE",4802.67547363128,21.6387658018053,"Train"
"State337","UNSTABLE DEM",NA,14.9724975404595,NA,41.6056092322202,510.37297000105,NA,NA,21.8651600027636,58.0352262520533,"INSURANCE",4777.14758866446,23.7375525014637,"Test"
"State338","UNSTABLE DEM",306.780371201627,12.7051778255813,33.1752169998663,32.9954304974625,497.136999337274,55.6184886441563,14.6420725487269,24.5699800340093,61.4899900516083,"INSURANCE",4742.91819178596,15.6835007842371,"Train"
"State339","UNSTABLE DEM",1143.39713736761,20.3721680766063,40.1402285921362,45.3085821990855,491.774834687738,54.1618930906503,12.8838044733233,22.4525842217828,67.9867327744861,"PRIVATE",15264.1485254688,14.6765877752954,"Test"
"State340","DICTATORSHIP",4924.41366466602,13.9081645069318,34.1366285399989,39.6835060229093,492.276647946264,51.8459090232834,16.1392387645068,27.1930750929719,57.1283368129999,"INSURANCE",5185.89380257865,21.7245283361891,"Train"
"State341","STABLE DEM",2803.71390767543,12.5635991733994,NA,36.6840364440824,NA,60.6937322291896,NA,22.8092270846928,NA,"PRIVATE",14717.622133491,20.2278801720453,"Train"
"State342","--",NA,-99,NA,38.1853973247376,501.224463297704,NA,NA,20.9677066416808,NA,"FREE",NA,18.5861434280507,"Train"
"State343","STABLE DEM",4672.40167058032,16.4579222499108,34.0135093944283,-99,503.247947837636,NA,13.3679774397143,-99,-99,"INSURANCE",5455.36760103313,15.7348794035573,"Train"
"State344","STABLE DEM",2759.44932380318,NA,NA,-99,508.838165959218,NA,14.7548818692592,-99,-99,"INSURANCE",5362.33917955689,22.2500392830698,"Train"
"State345","STABLE DEM",4306.04723040487,18.6234450936661,NA,39.9898687104409,499.491743561857,53.6658126053655,12.3653000951757,24.2380267596059,65.6128867635774,"INSURANCE",4946.43457309213,18.4171297923221,"Train"
"State346","STABLE DEM",NA,14.0675481251542,NA,-99,505.029216319195,55.9853238417112,NA,-99,-99,"PRIVATE",14083.5857159683,20.7783935545181,"Train"
"State347","UNSTABLE DEM",3149.86265535588,NA,35.4358762166392,NA,514.346244931916,NA,11.5135220405221,19.3439785210661,57.0042892229204,"FREE",NA,22.8275015512592,"Train"
"State348","UNSTABLE DEM",1327.20839785865,12.6461248708353,33.5372058501299,36.049517131573,491.792683337828,56.1729179717775,15.786021374697,23.8222448099327,59.377306585641,"FREE",NA,16.8706821847554,"Test"
"State349","STABLE DEM",1797.3536155226,15.1299558852095,NA,40.3294450159471,498.23385752112,57.6732395305494,14.3283557439593,20.8985903411684,61.2369933457497,"INSURANCE",5204.38750726624,17.1035747489264,"Train"
"State350","UNSTABLE DEM",NA,10.9332850878545,30.3439709283339,35.9646147263665,515.112552996521,NA,NA,22.6747248735621,63.3502111913033,"INSURANCE",5481.78380688897,25.16192679271,"Train"
"State351","STABLE DEM",3190.2008973521,14.2323456029924,34.0046601798696,39.0453409179494,509.256282652362,NA,NA,18.4600099344306,NA,"PRIVATE",13987.4081591418,17.7543592149792,"Train"
"State352","UNSTABLE DEM",1136.28293766111,15.7441430255683,32.799427307671,39.0492011911837,497.712925553806,61.2772220190317,11.7968299179844,18.2049739139324,-99,"INSURANCE",5176.76549451213,14.9387730906335,"Train"
"State353","UNSTABLE DEM",2194.43217545186,NA,36.0519101455593,39.2586352959353,NA,56.9177671927536,15.4943245150002,NA,60.4143912757113,"FREE",NA,31.0053418634136,"Train"
"State354","UNSTABLE DEM",3748.5040843308,13.3247735237831,32.4917383547836,NA,NA,55.8578033121422,15.338910688195,23.6423428008271,NA,"PRIVATE",15615.2944868019,26.286414407789,"Train"
"State355","UNSTABLE DEM",1302.6218313545,13.0167377482158,33.1485370712804,41.6060388605509,496.454563880056,55.4274762194095,14.615530779969,25.8199584174167,56.8907493948479,"PRIVATE",15363.2104849671,22.0125832207007,"Train"
"State356","STABLE DEM",2150.2788050264,15.6944618018643,35.5592298854844,43.1807756960968,496.190269761925,51.5119644918439,15.2367302786255,24.9179830932961,64.6510298353466,"PRIVATE",15079.8695384759,20.8891333785942,"Train"
"State357","STABLE DEM",NA,NA,30.0331844206396,NA,501.060134755895,55.8834939666945,13.9691638236466,23.0951523594501,60.5884240714446,"FREE",NA,20.799445994329,"Train"
"State358","UNSTABLE DEM",1155.63201397024,14.9872931153886,NA,40.3227914366153,493.225877798685,55.6182017222543,13.9975058195254,22.7866819942216,60.8802342571538,"INSURANCE",4277.76116070207,15.9401411254655,"Test"
"State359","UNSTABLE DEM",2288.04263783598,NA,NA,36.8691786762746,501.237392501017,NA,14.8700943774053,26.3041529260786,NA,"PRIVATE",14396.0357123336,29.6589814265518,"Train"
"State360","STABLE DEM",1441.57671447403,16.7929675333658,30.184031143632,41.7083531657623,488.375088278719,62.3369249353594,13.7928151344085,23.3058280494723,59.5262958982395,"INSURANCE",4830.11599902448,14.9408331186926,"Train"
"State361","UNSTABLE DEM",4524.37442408556,16.5501308365297,NA,36.6152148699655,486.511036380426,55.9604891075581,13.3369884883322,24.9663283764753,59.3285559444308,"FREE",NA,12.5409436220884,"Train"
"State362","UNSTABLE DEM",NA,15.4964649512121,33.1494239967098,39.153867356957,NA,55.4211435187199,NA,23.1326408800399,60.1773261806915,"INSURANCE",5146.76602753308,19.497995571979,"Train"
"State363","STABLE DEM",5927.55875229366,12.6902481111232,NA,36.291599596165,485.951547641142,52.6074263348131,12.7996178323132,21.2854900811934,62.5282250214367,"INSURANCE",4985.68511078565,7.48401838094931,"Train"
"State364","UNSTABLE DEM",5949.34725644189,16.0572691755982,33.5877813102035,40.9789619654862,494.580706295966,56.8615526584687,13.9009550955737,22.7231082465081,-99,"INSURANCE",4981.59086274815,17.9413487765582,"Train"
"State365","STABLE DEM",1662.48677340445,15.0287287300734,NA,43.2325870197036,499.837960175023,49.5923975078368,12.5215310500471,20.5709457434511,63.2003658707517,"INSURANCE",5073.63419371624,17.627207920915,"Train"
"State366","UNSTABLE DEM",496.546680861988,16.1835519209735,NA,-99,NA,56.8487376128614,NA,-99,-99,"INSURANCE",4781.3493559557,18.4080393941292,"Test"
"State367","STABLE DEM",1039.61457527602,11.9982567470864,NA,42.4034162546646,491.524236594621,57.371536450915,15.7991698455894,21.9333264333524,59.5472868088017,"INSURANCE",5240.08332870964,15.1543372266254,"Train"
"State368","UNSTABLE DEM",1964.02274058828,17.62189780891,NA,40.4798729562246,493.440301458142,49.2769248034706,12.4653815760821,27.4667100885535,62.1839914801545,"PRIVATE",15169.9482659132,20.1334092535062,"Test"
"State369","STABLE DEM",931.231406425241,19.9867088893419,NA,41.6187553173621,496.580654767387,54.2717408083128,9.84789391303892,21.249787308275,14,"FREE",NA,14.2766010625244,"Train"
"State370","--",1258.3830643636,NA,32.2794466369604,37.7121610878154,501.009290003812,NA,NA,NA,-99,"INSURANCE",4841.51074230304,24.094195478808,"Train"
"State371","STABLE DEM",NA,NA,NA,38.5964692306233,508.470773762435,58.7388226444733,NA,23.9313550945567,61.8297586085665,"INSURANCE",5157.0106266265,21.9702976651033,"Train"
"State372","DICTATORSHIP",2608.55651836541,13.5917393900351,33.0780039922439,34.3830350982852,487.119158222205,25.1945438526748,14.9475101055636,24.721949946742,34.0659603030244,"INSURANCE",4699.27803259544,21.0586049199435,"Test"
"State373","STABLE DEM",1484.97863122051,15.5899918505923,36.3153674099442,38.8452909056093,498.168979173474,50.9509070796877,14.0477067401763,23.6651626592858,65.0267953113446,"INSURANCE",5039.01304501474,17.2809612788159,"Test"
"State374","UNSTABLE DEM",387.568672013348,15.5970659490541,NA,39.9710240409297,489.87702808103,57.8297587584139,12.0622940075245,22.5155699598094,58.9818750177116,"INSURANCE",4810.93557066031,13.764786720311,"Train"
"State375","UNSTABLE DEM",1763.41990021016,13.270910172542,NA,34.7302539013782,493.786247229868,50.000188985187,12.8388824239508,25.825224785331,61.4652915223229,"PRIVATE",15311.6344484816,17.0323566359848,"Train"
"State376","STABLE DEM",413.984603541618,NA,31.1268432522982,37.7265970157766,NA,NA,13.5417905249503,22.2861558748509,65.7378770402395,"PRIVATE",15213.3996553668,18.8939680672462,"Test"
"State377","STABLE DEM",2366.75186482957,10.9425866308092,35.8723159016444,39.5960487047348,498.354931031265,55.9253828768733,18.6111266414605,26.1038381600737,61.5707158744562,"PRIVATE",15611.7882451797,20.547882601864,"Test"
"State378","UNSTABLE DEM",4257.51757084604,15.2599785850444,33.8448817627652,38.8443437431666,515.262172326924,NA,NA,21.4675765136629,NA,"FREE",NA,25.2915489476153,"Train"
"State379","STABLE DEM",607.093499313715,15.6463508352482,34.7264831049041,40.047715335561,491.026101611295,61.4513008284022,15.5917607764612,23.4863647600592,56.5290026013806,"PRIVATE",14517.3187416667,15.4000187149246,"Train"
"State380","UNSTABLE DEM",NA,12.7411643566892,NA,40.4590977729948,506.412371762116,NA,14.3914323766727,20.194998513933,NA,"PRIVATE",14905.8357268886,20.1801288894508,"Train"
"State381","UNSTABLE DEM",4052.05546663667,12.1187246384792,31.3409947932572,36.6331041417294,485.165002097674,51.2971921296294,13.4020359102178,22.3405241549944,59.3754329095249,"PRIVATE",15187.5639528379,9.99404585107528,"Train"
"State382","STABLE DEM",NA,NA,32.1585197088281,38.6262044904541,503.398452131423,52.2136079973441,NA,25.1830461452672,61.7455778029197,"INSURANCE",4927.62766750095,21.5442668824363,"Train"
"State383","STABLE DEM",2162.37446752791,NA,NA,38.2789845427025,506.656935409928,49.5397794564302,NA,21.8884287179843,NA,"INSURANCE",5000.21617637519,20.8139185086383,"Train"
"State384","STABLE DEM",3611.1785205676,13.6999264009956,34.5831867309797,NA,NA,55.8311494144165,16.0517446401952,27.124766727948,NA,"PRIVATE",14985.8827728796,26.5383322040518,"Test"
"State385","STABLE DEM",714.207802093091,14.5226470268464,NA,39.1418897054005,NA,NA,16.0824151948856,26.8299228819072,NA,"INSURANCE",5343.47762787864,28.4943643969981,"Train"
"State386","STABLE DEM",446.09434741304,15.3932769551227,NA,42.3450682719596,466.142840068527,53.4565105504043,15.8496433606498,26.6821823151273,64.6930974444499,"INSURANCE",5008.65768622047,5.55431333749607,"Test"
"State387","UNSTABLE DEM",2115.17206516381,13.9657424279148,33.7365986964777,41.1760414573216,495.354910335423,56.9213471530728,14.2929862405905,21.6793903812213,59.6173665299411,"INSURANCE",4856.15856532743,15.4160739357377,"Test"
"State388","STABLE DEM",1782.87256921303,9.35321930046902,32.4002210084194,37.1859916695345,485.728774360272,54.8977090238191,15.2255486848082,24.6339229888076,51.4386878552911,"FREE",NA,15.8357626529988,"Train"
"State389","STABLE DEM",3449.72377169118,14.1459513531453,NA,34.8386092753547,496.499179238213,56.8662964431792,15.3725687740579,24.8201700753985,59.7208186392021,"INSURANCE",5284.85300272194,17.0662647265261,"Train"
"State390","OTHER",2715.65326450258,18.1311104075308,NA,42.2815980510033,493.82986395902,61.1884176995213,11.7722559621725,22.4524668224788,64.6809114538282,"INSURANCE",5156.78802117742,15.998617962144,"Train"
"State391","UNSTABLE DEM",1086.28879315913,14.1457093083426,32.3568475531293,36.4910089961672,490.78191813698,61.3810881353963,15.8670142547606,24.6353042479881,56.7048550398294,"FREE",NA,16.9991464073481,"Train"
"State392","UNSTABLE DEM",2284.1095065169,NA,NA,37.8797599451302,NA,26.0452573724987,NA,17.038416239182,38.2084520251786,"INSURANCE",5165.9587730784,20.7330054161419,"Train"
"State393","UNSTABLE DEM",732.950493253282,13.6214816960368,29.7877441253581,34.7952416130412,496.485702982385,55.3759588998752,12.6767780408058,23.4587062957097,58.2348983272248,"INSURANCE",5339.8703918998,16.5540467550339,"Train"
"State394","UNSTABLE DEM",NA,NA,NA,35.8452278696629,506.327178526211,56.9196408997592,NA,21.552933600562,59.6229770493945,"INSURANCE",5218.25034596229,20.288198953153,"Train"
"State395","STABLE DEM",5855.80902192587,NA,NA,41.7707169490766,500.759965791216,68.2277935282585,NA,NA,57.3849372376424,"PRIVATE",14526.8251934511,17.5896065439859,"Train"
"State396","STABLE DEM",3688.04914506931,NA,30.0353706408032,39.7564348347859,NA,54.5688781810681,14.9321315443379,20.9478039293109,NA,"INSURANCE",5131.52449282685,26.2438184609809,"Test"
"State397","UNSTABLE DEM",NA,16.6849069689558,NA,36.756374482704,507.390287186971,56.100863622409,NA,22.5783511516928,NA,"FREE",NA,18.3343194039608,"Train"
"State398","STABLE DEM",5112.75150652104,NA,37.1713604607304,41.1711348980351,508.798994497162,53.3441872613636,13.6972088359805,NA,NA,"PRIVATE",14409.9710318956,23.7670764851267,"Train"
"State399",NA,NA,NA,NA,NA,NA,55.6173417356314,14.6469649706177,NA,59.1244983033694,NA,5027.10661534973,30.3743009633482,"Train"
"State400","UNSTABLE DEM",3517.06678298391,11.8413994909294,NA,37.3585683431385,494.480968604234,56.7921822280415,14.7963818355289,24.4468468950797,60.3497257966226,"INSURANCE",5092.55982828645,16.6272268177134,"Train"
"State401","UNSTABLE DEM",2121.12046838871,19.0189261714059,37.5906671532515,38.2426603203522,499.134331549576,56.8696408274763,11.2247035787603,18.4552830467657,58.7110616326339,"INSURANCE",4713.2478568457,13.2282537038506,"Train"
"State402","UNSTABLE DEM",NA,15.236739613919,31.7994691473754,NA,503.349290045622,58.421091641319,NA,22.7220906667537,14,"INSURANCE",5122.97351093738,23.6160420101156,"Train"
"State403","OTHER",NA,15.5863486493876,33.3527772848335,-99,513.523864041174,NA,13.8377256308185,-99,-99,"INSURANCE",4965.26218356204,30.4447186758008,"Test"
"State404","STABLE DEM",1736.81448064538,12.4465678637227,33.1080148362559,40.7987229198968,483.838054996997,58.8113294938203,15.0231965160472,21.1108066251968,56.6619725696575,"PRIVATE",15142.4847515569,10.9287406338757,"Train"
"State405","STABLE DEM",4169.56225404104,15.7889468256648,NA,37.7466175709901,489.671040432055,58.6121805951009,13.7804625416442,23.8097526034084,14,"FREE",NA,13.6209720734447,"Train"
"State406","UNSTABLE DEM",NA,14.7379485554083,36.9602996025891,40.120481416837,505.875979370532,62.5283115934042,17.5160152724231,NA,NA,"INSURANCE",5023.29337374748,22.8365947347792,"Train"
"State407","STABLE DEM",1034.21327947003,13.0223238790162,NA,41.5842678692379,494.804297529605,53.3197268164418,14.9094663243158,24.1951093550761,57.9686546560064,"FREE",NA,20.900764602752,"Test"
"State408","STABLE DEM",NA,12.7638492047409,29.5506666625149,38.5178428782556,501.800497919784,53.9938946030682,15.7132059671513,NA,NA,"FREE",NA,20.6204475077347,"Test"
"State409","STABLE DEM",NA,16.6715574927162,NA,NA,NA,51.5151826646193,11.6838222759102,23.9068610834898,60.1443656813971,"INSURANCE",4700.22681782217,22.4291076627545,"Test"
"State410","STABLE DEM",NA,16.7085945635601,NA,40.5159814788438,501.092399989228,NA,NA,19.007055815203,64.1820197588901,"INSURANCE",5032.95739068843,15.3509018109859,"Train"
"State411","STABLE DEM",NA,10.9227312039402,30.6378166886206,NA,NA,51.3691010137859,16.4347343847638,25.1434282928441,59.429549905489,"FREE",NA,19.9231241946854,"Train"
"State412","UNSTABLE DEM",4047.66601524982,14.6237127678421,36.0435575933995,42.129463926187,485.738505239004,47.7855978476412,14.3996827919119,25.9175876806316,63.6942531166679,"FREE",NA,17.2090592457558,"Train"
"State413","STABLE DEM",2410.29440408546,NA,NA,39.2800199217967,NA,49.6098031385049,11.961935991691,19.4635090979132,NA,"FREE",NA,14.0822005116947,"Test"
"State414","STABLE DEM",548.721151983267,13.8183141138643,32.8907144901823,37.5233185984047,480.045933277967,58.2824135480733,14.2296011537756,23.304268750359,60.8603450428919,"FREE",NA,9.18437135088945,"Train"
"State415","UNSTABLE DEM",287.224792311367,16.7936247141347,NA,40.011561716208,486.704499296451,56.5916317774477,13.2140400446945,24.2155784002213,59.5544893157595,"PRIVATE",14683.1769554853,15.149904862553,"Test"
"State416","STABLE DEM",3513.82409385026,12.241784939361,33.0663477926036,35.792320479744,NA,NA,16.2966660731591,22.5740646547101,NA,"INSURANCE",5025.75865484562,18.2561197651168,"Test"
"State417","STABLE DEM",2608.38657530021,16.8862764120872,NA,43.3752254831705,497.350388884487,26.7562818865202,15.0608819769188,23.4526323038479,34.1464760350473,"INSURANCE",5102.97514717481,30.3349065096649,"Test"
"State418","OTHER",4876.94266418771,16.0659526792227,37.2126078171412,41.8121560416299,496.172012289746,59.6420294386631,16.5710990372568,26.7126633622414,60.9244500529082,"INSURANCE",4961.90241468739,23.2873253845874,"Test"
"State419","OTHER",NA,NA,NA,38.9273748152885,503.102967953426,47.9218099283194,13.0385277648991,NA,65.1232671922464,"INSURANCE",5145.66373282424,19.2552577756948,"Train"
"State420","STABLE DEM",3544.91196842685,11.0320482721706,32.8351773482165,43.1176042617303,496.647968263829,52.7029927051267,15.7019007714078,20.4782346523988,62.3304000434769,"INSURANCE",4882.27016361847,14.7792560999288,"Train"
"State421","OTHER",1096.51676324629,14.9875207335328,34.8815777357834,37.0148590933922,493.766515126628,59.2058483876716,13.4494200609354,21.6828852524443,58.7168633342113,"INSURANCE",5247.68318765692,13.4892861820397,"Train"
"State422","UNSTABLE DEM",NA,14.9384114217254,NA,40.2137128713005,501.499735217486,NA,13.2608736759844,20.8840945346242,NA,"PRIVATE",14856.1375570886,18.6279795445615,"Train"
"State423","UNSTABLE DEM",1841.97779028335,NA,NA,39.3509223291762,502.106515782189,58.5072446540803,NA,NA,59.1645344399758,"INSURANCE",4867.70691036832,18.596016284725,"Train"
"State424","STABLE DEM",4870.07661141322,17.5049125812129,NA,42.820580741084,NA,NA,12.5942855377598,NA,63.4581542840357,"FREE",NA,19.9477796114534,"Test"
"State425","STABLE DEM",1992.05479474617,15.6359926678153,30.7239502029382,37.6064066490483,499.946607818916,55.2430929859216,12.2067886397871,21.2748145759372,66.0765826737149,"FREE",NA,14.3147590670362,"Train"
"State426","STABLE DEM",1900.56170283935,13.0888132430455,NA,38.0829922643484,499.75507695211,52.9151282677302,15.2243010672978,25.8824461361882,62.4884199626867,"FREE",NA,20.0637895331455,"Train"
"State427","OTHER",3164.39348068781,11.184219493076,NA,38.1638304206761,487.562535152069,56.0796596189448,14.6923333503564,22.5042296866964,57.0302595217681,"PRIVATE",15316.6026280223,11.8492818199755,"Train"
"State428","STABLE DEM",2322.66008777357,14.5270060041993,NA,40.9734045075127,NA,55.4702484770879,NA,19.5139356202391,NA,"INSURANCE",5180.55329182047,19.4061867846128,"Train"
"State429","UNSTABLE DEM",NA,16.2525941458884,NA,38.8062520662886,518.921966957546,NA,14.3284544097326,27.1760744556595,NA,"INSURANCE",4941.97004249361,32.8192424158178,"Train"
"State430","UNSTABLE DEM",2843.51319579666,14.029652709204,NA,40.2375413839864,492.509167664212,60.3843342500867,15.8485796744097,22.3378234475678,60.7260967318107,"INSURANCE",4862.11450283096,15.8442979013956,"Test"
"State431","UNSTABLE DEM",545.681015498087,12.0066909261913,NA,34.6616510736281,496.106696076522,54.852089015967,16.9120707040091,23.1049600432404,63.0643866503107,"INSURANCE",4885.07195026755,12.9564414215693,"Test"
"State432","--",1192.71239481122,-99,NA,-99,NA,53.059853531319,NA,-99,-99,"INSURANCE",4966.0835628841,19.4080097008197,"Train"
"State433","STABLE DEM",4237.33489241166,15.0841484097654,NA,39.4619808271816,499.90585971652,57.34859497555,15.519396491267,23.1298659551259,61.8047322942887,"INSURANCE",5032.06027155858,18.3501461830178,"Test"
"State434","STABLE DEM",2976.97557440736,NA,NA,41.586251167105,NA,NA,14.1956926836465,20.9194836398053,55.8191274707706,"FREE",NA,23.002406912836,"Test"
"State435","STABLE DEM",2893.06535291527,NA,NA,42.5856386009399,506.245803414803,NA,15.8303588877589,NA,59.3728302671674,"INSURANCE",4864.55971253524,22.2304937003713,"Train"
"State436","STABLE DEM",2531.31787851252,15.1389473939239,NA,38.2220405649651,495.148932715135,58.8396478664488,12.9189975982492,21.1240229929011,59.3768493734019,"PRIVATE",14728.2172729132,13.4768749191456,"Train"
"State437","UNSTABLE DEM",4233.87091775182,15.174909751166,NA,36.7210972459936,496.637596714996,54.0986646655986,11.6851958682832,20.8028340071789,55.5778750223133,"PRIVATE",15113.264895521,14.569214922639,"Train"
"State438","STABLE DEM",3924.69807829772,15.1014400322824,31.9626994360585,NA,NA,52.1186298848701,11.3789634460542,21.1157359409562,NA,"FREE",NA,19.4844087018745,"Test"
"State439","UNSTABLE DEM",4104.97789734202,NA,33.7039792354306,42.3923142776348,NA,56.2632826415733,14.5358625682899,26.029308306402,NA,"INSURANCE",4919.22387548223,26.8734744872283,"Train"
"State440","UNSTABLE DEM",3357.87912434158,15.7740444335725,NA,39.9159381074341,491.500228576404,61.6990767898089,12.8362091660165,19.5932356424739,-99,"PRIVATE",14890.4898306181,10.883851077987,"Train"
"State441","STABLE DEM",NA,12.7311303225022,NA,-99,NA,56.0088071452382,15.7993980977627,-99,-99,"INSURANCE",5295.6940707179,25.6780824780958,"Test"
"State442","UNSTABLE DEM",769.402156455441,NA,NA,40.2953105441807,NA,NA,9.56221430436687,20.3838999291962,56.6743525385734,"PRIVATE",15240.9126864539,27.986900553817,"Train"
"State443","UNSTABLE DEM",1482.59711112031,16.7645734340129,NA,37.2472659787234,501.939980317205,NA,NA,27.3313891726962,NA,"INSURANCE",5026.4994443345,23.9751326724396,"Train"
"State444","STABLE DEM",1107.6301577804,17.6179261928046,NA,38.9582366336637,493.523806258707,52.1912203636383,14.9304809779978,28.914489151481,57.3175278002212,"INSURANCE",5133.22021339038,23.8255874542819,"Train"
"State445","STABLE DEM",5265.36754815586,NA,NA,NA,501.829217351962,51.4409567420135,NA,29.1840697551841,63.1818549446938,"INSURANCE",4692.31834941174,24.4671329594822,"Train"
"State446","STABLE DEM",1377.49474875281,15.7602352135147,NA,39.1889591453002,498.342780855065,61.5945494539369,11.3469893045135,19.3035053566084,55.602047054994,"INSURANCE",5143.79757257515,15.519539543306,"Train"
"State447","UNSTABLE DEM",3721.89109016965,11.4242678557818,33.0499604479859,37.2435562207667,499.542275533295,53.2234752117076,13.6289438611548,20.4256841147297,59.1737597349823,"INSURANCE",4970.11256745877,14.6184938548148,"Train"
"State448","STABLE DEM",2400.5592137018,18.1916767133933,36.4498119047063,40.2570428586518,492.984259617824,51.489667916224,13.4673283423967,24.3747458648886,62.9680018787497,"FREE",NA,17.3653868284523,"Train"
"State449","STABLE DEM",2983.67348239522,18.2404169809955,34.4210823414851,42.5907202216247,495.399235155748,59.0748272852327,12.6646701959944,20.8237178568737,67.3004687428776,"FREE",NA,13.3455179269851,"Test"
"State450","OTHER",NA,NA,NA,37.5916364928569,503.336284068658,64.5365003157473,15.4647582826079,21.9202493383526,NA,"INSURANCE",4853.41926780257,21.0192257655821,"Train"
"State451","STABLE DEM",683.270127548645,17.7959834904395,NA,40.7059742871191,498.503115001127,55.2920551543168,13.6409884953413,23.0003793067573,62.3956336567476,"INSURANCE",4728.9662886243,18.5835819090523,"Train"
"State452","STABLE DEM",NA,NA,34.9613649449868,39.9798741244425,514.962631982751,56.0012248314405,NA,21.9919401274432,63.8257014561973,"INSURANCE",4911.89698293032,24.6069520298678,"Test"
"State453","STABLE DEM",4857.3146141526,13.2401917379244,35.390068485282,38.5408068718105,499.127095787118,59.497526001673,15.3888177601894,21.8686370604382,58.1258968822522,"INSURANCE",4589.60886087429,18.9848338258042,"Test"
"State454","STABLE DEM",552.006527877924,13.3416893666325,NA,37.4179635833393,501.944223593722,47.2149089096059,NA,NA,NA,"INSURANCE",5151.18405595812,24.9019618123435,"Train"
"State455","STABLE DEM",1909.10494588271,16.1908728151314,NA,39.2438539775786,492.427587116778,57.0865937730617,15.8331467851998,26.9042001522278,56.6531455217265,"INSURANCE",4900.33955281774,19.7756965847131,"Train"
"State456","STABLE DEM",1154.7995048515,15.2292115775943,29.4744721124517,39.2613962111847,498.703775175615,56.8071097564594,14.5386264050621,23.9258244636425,58.7613385205079,"INSURANCE",5181.79499448321,21.8419623492307,"Train"
"State457","UNSTABLE DEM",5240.33414408681,15.345444406203,36.0014591136788,37.0573808497195,490.238069428662,52.5033077722057,15.4693859642932,26.8224037956808,64.4154882498692,"INSURANCE",4936.59738143702,15.1976643167264,"Train"
"State458","OTHER",1449.73145144,13.8899772378814,32.594772416085,35.0121129977555,486.645483981646,57.8965071338095,13.6017950745073,19.2776588378864,64.0365811144102,"FREE",NA,5.02956017057911,"Test"
"State459","UNSTABLE DEM",6145.38344220146,10.6195521395015,30.630879237391,NA,507.052763033377,62.7190315931048,NA,NA,-99,"INSURANCE",4827.63264062411,18.3800920180098,"Test"
"State460","DICTATORSHIP",2859.24935602821,NA,NA,NA,503.934890562476,55.9116915689807,12.120436110028,NA,65.3088617465133,"INSURANCE",4990.06337499615,13.648044308436,"Train"
"State461","STABLE DEM",2561.99404199642,19.2360231227489,38.9722566576434,40.9059159011694,491.44985609488,65.4165220232736,13.0501796891808,21.9502356564774,54.17841667511,"INSURANCE",5098.19143511744,14.6574361429672,"Train"
"State462","STABLE DEM",1979.85961733283,14.5103100641353,32.8989758141957,41.5760142776264,495.13222359004,63.0320280849957,14.3141859047611,21.1835743389744,60.1672039470193,"PRIVATE",15770.2495345889,15.7734676053351,"Train"
"State463","STABLE DEM",1046.95584865119,15.8939117334089,34.8150962629883,36.9938404423326,498.029208638752,59.4441853263183,14.0977188285508,21.5278926772129,57.1469565021821,"INSURANCE",5033.57125360422,15.6973556638771,"Test"
"State464","OTHER",4011.60994779091,NA,NA,NA,503.790878802452,58.4307516901942,15.7155549755193,NA,55.4317962798599,"PRIVATE",15009.651578037,23.3722218236701,"Train"
"State465","UNSTABLE DEM",5873.0128951086,NA,34.0671900881558,NA,NA,50.8560335670441,11.5775305411662,21.1605014378032,58.2288438335508,"INSURANCE",4990.66902675452,19.8460776387267,"Train"
"State466","STABLE DEM",2610.78028528965,NA,NA,34.1589105399898,504.776856810347,NA,15.6938717033975,NA,55.5822345658314,"FREE",NA,24.6277840985948,"Train"
"State467","DICTATORSHIP",2878.75602151931,17.4103480404705,NA,42.8659701274353,497.313490803213,60.8511096952112,13.2345637350348,19.8022178949246,61.8781037341945,"FREE",NA,14.3653407008355,"Train"
"State468","UNSTABLE DEM",NA,12.4953248524277,NA,NA,516.448156043415,57.4221851299149,16.202543812623,NA,59.4948989189482,"INSURANCE",4918.30443916805,24.945515571835,"Train"
"State469","UNSTABLE DEM",2297.95980133317,16.7916373606395,35.3665144233746,36.09737510887,477.241060953664,53.0259186381325,10.6120414173527,21.8242712404092,-99,"FREE",NA,3.82830954490993,"Test"
